0.7543859649122806,0.17543859649122806,0.3508771929824561,-0.5263157894736842
0.7419864877326148,0.1881086782370966,0.36095251007434526,-0.5327142410947358
0.7292887366127253,0.20070199506477485,0.37096403742370615,-0.538741432196501
0.7163000137449507,0.21321482236454026,0.3809037993256005,-0.5443951005403737
0.703027691837697,0.2256434398427399,0.3907638869330506,-0.5496732549745077
0.6894792101431039,0.23798413225284382,0.4005364637654332,-0.554574172469819
0.675662070572983,0.2502331901743298,0.41021377106457996,-0.5590963950457768
0.6615838339008394,0.26238691083896054,0.4197881329990811,-0.5632387265934399
0.6472521160476836,0.2744415990039037,0.42925196171743213,-0.5670002296028748
0.6326745844492688,0.2863935678710453,0.4385977622507926,-0.5703802218017692
0.6178589545023175,0.29823914005174246,0.4478181372662368,-0.5733782727117396
0.6028129860872513,0.30997464857617324,0.45690579167148637,-0.5759942001285269
0.5875444801649007,0.32159643794634735,0.46585353707219895,-0.5782280665319689
0.5720612754446489,0.33310086523176186,0.47465429608297394,-0.5800801754313536
0.5563712451214441,0.3444843012066042,0.4833011064933054,-0.5815510676514646
0.5404822936791189,0.3557431315273316,0.49178712528977536,-0.5826415175643639
0.524402353757458,0.36687375794938565,0.5001056325358317,-0.5833525292716826
0.5081393830804715,0.3778725995817374,0.5082500351105439,-0.5836853327419396
0.49170136144336296,0.38873609417789695,0.5162138703077681,-0.5836413799071579
0.47509628775570345,0.3994606994619642,0.5239908092971816,-0.5832223407228094
0.4583321771383719,0.41004289448825115,0.5315746604486761,-0.582430099194892
0.4414170580718639,0.4204791810329491,0.5389593725216184,-0.5812667493777228
0.4243589695936226,0.4307660850162833,0.5461390377205009,-0.579734591345823
0.40716595854210613,0.44090015795354615,0.5531078946185175,-0.5778361271430655
0.38984607684536277,0.4508779784333736,0.5598603309506041,-0.5755740567120741
0.37240737885195696,0.46069615362159244,0.5663908862774899,-0.5729512738066692
0.35485791870215133,0.4703513207889404,0.5726942545223002,-0.5699708618899949
0.33720574773733014,0.4798401488609355,0.5787652863812537,-0.5666360900207896
0.3194589119457194,0.48915933998815003,0.5845989916099876,-0.562950408730112
0.3016254494425354,0.49830563113512566,0.5901905411870374,-0.558917445890683
0.28371338798278145,0.5072757956861524,0.5955352693559908,-0.5545410025808732
0.26573074250497897,0.516066645066122,0.60062867554782,-0.5498250489452271
0.2476855127042131,0.5246750303746548,0.6054664261848869,-0.5447737200532963
0.2295856806329489,0.5330978440316968,0.6100443563681023,-0.5393913117584396
0.21143920832816215,0.5413320214327759,0.6143584714487045,-0.5336822765581375
0.19325403546340106,0.5493745426121067,0.6184049484861079,-0.5276512194572692
0.17503807702449545,0.5572224339117362,0.6221801375932603,-0.5213028938357037
0.1567992210076948,0.564872769654921,0.625680563170925,-0.5146421973214721
0.13854532613911044,0.5723226738219375,0.6289029250322947,-0.5076741676707013
0.12028421961441745,0.5795693217265333,0.6318440994193288,-0.50040397865542
0.10202369485784299,0.5866099416912326,0.6345011399121804,-0.492836935960269
0.08377150929956302,0.5934418167197268,0.6368712782330794,-0.48497847308909164
0.06553538217069224,0.6000622861645929,0.6389519249460114,-0.4768341472823126
0.047322992315140894,0.6064687473885918,0.6407406700535193,-0.4684096354459638
0.029141976017678848,0.6126586574178248,0.6422352834919504,-0.4597107300931615
0.010999924847629326,0.6186295345850376,0.6434337155264435,-0.45074333529879534
0.0070956164823197,-0.6243789601613816,-0.6443340970469515,0.44151346266814673
0.025137152266446597,-0.6299045799023212,-0.6449347398315151,0.43202722732771115
0.04311723784798613,-0.6352041058659064,-0.6452341364540879,0.4222908439047692
0.0610284817863232,-0.6402753177886888,-0.6452309604849272,0.41231062255676637
0.07886354791879471,-0.645116064724255,-0.6449240663389352,0.4020929649983989
0.09661515743151158,-0.6497242665927364,-0.6443124890958166,0.39164436054942536
0.11427609091669637,-0.6540979157091347,-0.6433954442287912,0.38097138220002963
0.1318391904165901,-0.6582350782889417,-0.6421723272430866,0.37008068269425637
0.14929736145392583,-0.6621338959295736,-0.6406427132254274,0.3589789906320191
0.16664357504891095,-0.6657925870661565,-0.6388063563057367,0.34767310659017137
0.18387086972260389,-0.6692094484002414,-0.6366631890322586,0.3361698992631139
0.20097235348652767,-0.6723828563000511,-0.634213321661307,0.324476301623405
0.21794120581830226,-0.6753112681708946,-0.631457041362842,0.3125993071028285
0.23477067962304674,-0.6779932237944236,-0.628394811343081,0.3005459657943713
0.2514541031802371,-0.6804273466354284,-0.6250272698853345,0.28832338067555
0.2679848820756843,-0.6826123451149153,-0.6213552293102795,0.2759387038535318
0.2843565011182408,-0.6845470138482318,-0.6173796748568555,0.2633991328324825
0.30056252624081126,-0.6862302348470518,-0.6131017634849982,0.2507119068035801
0.3165966063852067,-0.6876609786840582,-0.6085228226014042,0.23788430295812674
0.33245247537034783,-0.6888383056192025,-0.6036443487095364,0.22492363282419683
0.34812395374328414,-0.6897613666864556,-0.598468005985078,0.21183723862725684
0.3636049506124719,-0.6904294047400004,-0.5929956247780451,0.19863248967519556
0.378889465462723,-0.6908417554588518,-0.5872292000427763,0.18531677876820735
0.39397158995120857,-0.6909978483089336,-0.5811708896970181,0.1718975186339728
0.40884550968387456,-0.6908972074616663,-0.5748230129113336,0.15838213838858584
0.4235055059716082,-0.6905394526681748,-0.5681880483300636,0.14477808002367992
0.4379459575654684,-0.6899243000882479,-0.5612686322250814,0.1310927949202113
0.4521613423702743,-0.6890515630732253,-0.5540675565835801,0.11733374038936135
0.4661462391358275,-0.6879211529020289,-0.5465877671311473,0.10350837624102581
0.47989532912503263,-0.6865330794695882,-0.5388323612913829,0.08962416138036391
0.49340339775815273,-0.6848874519269493,-0.5308045860833244,0.07568855043288457
0.5066653362324421,-0.6829844792724007,-0.5225078359579547,0.06170899039855452
0.5196761431163676,-0.6808244708929764,-0.5139456505750707,0.047692917335416
0.5324309259176334,-0.6784078370557481,-0.5051217125218013,0.033647753073209254
0.5449249026242136,-0.6757350893483477,-0.4960398449740734,0.019580901957498942
0.557153403217579,-0.6728068410682018,-0.4867040093023279,0.005499747624809431
0.5691118711573174,-0.6696238075600017,-0.4771183026228027,-0.00858835019072136
0.5807958648363222,-0.666186806500966,-0.4672869552957005,-0.02267605881865487
0.592201059005741,-0.6624967581334928,-0.45721432837157605,-0.03675607578101243
0.6033232461688576,-0.6585546854448403,-0.44690491098727747,-0.050821131887959815
0.6141583379430883,-0.6543617142935029,-0.4363633177127926,-0.0648639942998882
0.624702366389279,-0.6499190734820025,-0.4255942858503549,-0.07887746955536017
0.6349514853074806,-0.6452280947758345,-0.4146026726871727,-0.09285440656438589
0.6449019714983917,-0.6402902128683619,-0.40339345270315485,-0.10678769956649148
0.6545502259896617,-0.6351069652914776,-0.39197171473501474,-0.12067029105303899
0.6638927752262498,-0.6296799922718959,-0.38034265909813997,-0.13449517465325503
0.6729262722240441,-0.6240110365329712,-0.36851159466762445,-0.1482553979834226
0.681647497685954,-0.6181019430419765,-0.3564839359198701,-0.16194406545869047
0.6900533610796951,-0.6119546587028128,-0.34426519993616606,-0.17555434106695114
0.6981409016764999,-0.6055712319941555,-0.33186100336966906,-0.18907945110424074
0.705907289549994,-0.5989538125530778,-0.31927705937720746,-0.2025126868711102
0.7133498265344934,-0.5921046507042317,-0.30651917451734517,-0.2158474073294215
0.7204659471419862,-0.5850260969346945,-0.2935932456161434,-0.22907704171901896
0.7272532194370835,-0.5777206013146315,-0.28050525660206677,-0.24219509213373097
0.7337093458692312,-0.5701907128639535,-0.26726127531148497,-0.25519513605615585
0.7398321640614912,-0.5624390788651863,-0.25386745026622864,-0.268070828850689
0.7456196475552224,-0.5544684441227989,-0.24033000742465996,-0.2808159062142517
0.7510699065100009,-0.5462816501692752,-0.22665524690772704,-0.2934241865841827
0.7561811883581415,-0.5378816344182419,-0.2128495397014735,-0.30588957350276036
0.7609518784131986,-0.5292714292650001,-0.198919324337478,-0.3182060579378239
0.7653805004318452,-0.5204541611348433,-0.18487110355270603,-0.3303677205589693
0.7694657171285484,-0.5114330494795652,-0.17071144093025345,-0.3423687339687986
0.7732063306424749,-0.5022114057226094,-0.1564469575224701,-0.3542033648887078
0.7766012829560919,-0.4927926321533236,-0.14208432845795077,-0.3658659762987045
0.7796496562649388,-0.4831802207708292,-0.1276302795338834,-0.37735102953075167
0.7823506732980714,-0.47337775207803323,-0.11309158379524635,-0.3886530863151419
0.7847036975887086,-0.46338889382634607,-0.09847505810234763,-0.3997668107794133
0.7867082336946225,-0.4532173997116976,-0.08378755968819915,-0.4106869713993265
0.7883639273678483,-0.4428671080224663,-0.06903598270721954,-0.42140844290142965
0.7896705656733078,-0.43234194023997075,-0.05422725477675827,-0.431926208116748
0.790628077055963,-0.42164589959219523,-0.039368333512934485,-0.4422353597851407
0.7912365313561507,-0.4107830695614495,-0.02446620306227834,-0.4523311023098851
0.7914961397727597,-0.39975761234669,-0.009527870630667923,-0.4622087534620463
0.791407254773952,-0.38857376728125326,0.005439636988954834,-0.47186374603421255
0.7909703699551458,-0.3772358492067771,0.020429276888604176,-0.48129162944317916
0.7901861198440064,-0.36574824680411266,0.035433993515526424,-0.49048807128118094
0.789055279652223,-0.3541154208820505,0.05044672213925533,-0.4994488588152798
0.7875787649738626,-0.34234190262470876,0.06546039231397474,-0.5081699004345299
0.7857576314301401,-0.33043229179845524,0.08046793133472188,-0.5166472270445542
0.7835930742604459,-0.31839125491925463,0.0954622676859691,-0.5248769934091777
0.7810864278595233,-0.306223523381356,0.1104363344811291,-0.532855479438778
0.7782391652606976,-0.2939338915482557,0.12538307289153422,-0.5405790914250266
0.7750528975650958,-0.2815272148068902,0.14029543556344762,-0.5480443632217076
0.7715293733168227,-0.2690084075860337,0.15516639002167323,-0.5552479573713166
0.7676704778240833,-0.2563824413398968,0.16998892205833527,-0.5621866661771546
0.7634782324262736,-0.24365434249793455,0.18475603910541324,-0.5688574127206493
0.7589547937070881,-0.23082919038189756,0.19946077358962155,-0.5752572518236507
0.7541024526537177,-0.21791211509117114,0.21409618626823532,-0.5813833709554624
0.7489236337622494,-0.20490829535746755,0.22865536954447455,-0.5872330910843879
0.7434208940893923,-0.19182295636995003,0.24313145076106782,-0.5928038674735845
0.7375969222506987,-0.17866136757188394,0.2575175954706297,-0.5980932904210398
0.7314545373654631,-0.16542884042992353,0.27180701068149665,-0.6030990859434926
0.7249966879485219,-0.15213072617715884,0.28599294807767867,-0.6078191164041503
0.7182264507491972,-0.1387724135310579,0.3000687072115976,-0.6122513810840582
0.7111470295376559,-0.1253593263874542,0.3140276386682953,-0.6163940166970043
0.7037617538389893,-0.11189692149174003,0.3278631471998084,-0.6202452978478578
0.6960740776153415,-0.09839068608843829,0.3415686948284229,-0.6238036374342535
0.6880875778964403,-0.08484613555033545,0.3551378039175332,-0.6270675869915587
0.6798059533589198,-0.07126881098836875,0.3685640602088493,-0.6300358369810738
0.6712330228548424,-0.0576642768434699,0.3818411158247075,-0.6327072170214376
0.6623727238898625,-0.04403811846157627,0.394962692234261,-0.6350806960632268
0.6532291110514941,-0.030395939653027997,0.4079225831823386,-0.6371553825067575
0.643806354387979,-0.01674336023757781,0.4207146575797805,-0.638930524263118
0.6341087377382716,-0.003086013576246027,0.43333286235407653,-0.6404055087584789
0.6241406570136875,0.010570455908740239,0.44577122525914975,-0.6415798628817461
0.6139066184317881,0.024220395224679475,0.45802385764314874,-0.6424532528756438
0.6034112367030959,0.037858145308550854,0.4700849571731274,-0.643025484171332
0.5926592331712671,0.05147804353533911,0.48194881051551597,-0.6432965011666847
0.5816554339073674,0.06507442623327286,0.4936097959713006,-0.6432663869483725
0.5704047677589236,0.07864163120471745,0.5050623860648542,-0.642935362957915
0.5589122643544499,0.09217400025146104,0.5163011500853792,-0.6423037886018887
0.5471830520641724,0.10566588170313171,0.527320756579945,-0.6413721608064942
0.535222355917692,0.11911163294748206,0.5381159757971234,-0.6401411135167071
0.5230354954793615,0.13250562296127813,0.5486816820802491,-0.6386114171402597
0.5106278826821649,0.14584223484052983,0.5590128562093533,-0.6367839779367173
0.49800501962091587,0.15911586832880065,0.5691045876908395,-0.6346598373519332
0.48517249630561204,0.17232094234233752,0.5789520769939976,-0.6322401712981909
0.472135988375806,0.18545189749076268,0.5885506377334727,-0.6295262893803554
0.4589012547768721,0.19850319859207366,0.5978956987968286,-0.6265196340683827
0.44547413539907227,0.21146933718069996,0.6069828064163724,-0.6232217798165508
0.43186054868034346,0.22434483400737085,0.6158076261844285,-0.619634432129798
0.4180664891737489,0.23712424152955153,0.6243659450112765,-0.6157594265775767
0.4040980250805566,0.24980214639121306,0.6326536730249916,-0.611598727755645
0.3899612957499258,0.2623731718907048,0.6406668454124516,-0.6071544281962434
0.3756625091462029,0.27483198043550683,0.6484016242008013,-0.6024287472271216
0.36120793928484496,0.2871732759826463,0.6558542999786888,-0.5974240297798997
0.34660392363800824,0.2993918064635702,0.6630212935566167,-0.5921427451482699
0.3318568605108525,0.31148236619227315,0.6698991575657736,-0.5865874856965583
0.31697320638963766,0.32343979825549324,0.6764845779947456,-0.5807609655191961
0.30195947326269096,0.33525899688379074,0.6827743756635236,-0.574666019051656
0.2868222259153546,0.34693490980234215,0.6887655076342586,-0.5683055996334403
0.27156807920002723,0.3584625405602892,0.6944550685582408,-0.5616827780237167
0.2562036952824304,0.3698369508374926,0.6998402919586042,-0.5548007408702238
0.2407357808652491,0.38105326272755435,0.7049185514482889,-0.5476627891320811
0.2251710843903029,0.39210666099598596,0.7096873618828186,-0.5402723364571607
0.2095163932204202,0.4029923953124078,0.7141443804474827,-0.5326329075146927
0.19377853080220117,0.4137057824556838,0.718287407678536,-0.5247481362837979
0.17796435381086384,0.4242422084909054,0.7221143884180579,-0.5166217642986548
0.1620807492783812,0.43459713091715685,0.7256234127021471,-0.5082576388510294
0.1461346317061267,0.444766080785005,0.728812716582148,-0.49965971115090985
0.1301329401632556,0.4547446647826744,0.7316806828786392,-0.4908320344460087
0.11408263537205877,0.46452856728988423,0.7342258418679432,-0.4817787621009084
0.09799069678153442,0.4741135523983402,0.7364468719009403,-0.4725041456366452
0.08186411963043085,0.48349546589788867,0.7383425999540063,-0.4630125327315409
0.06570991200102223,0.4926702372273619,0.7399120021119155,-0.4533083651841089
0.049535091864883043,0.501633881389157,0.7411542039825826,-0.4433961768388749
0.033346684121937226,0.5103825008266113,0.7420684810435477,-0.43328059147597153
0.017151717634059517,0.518912287263255,0.7426542589201345,-0.4229663206653747
0.0009572222545163809,0.5272195235030415,0.7429111135952424,-0.41245816158667303
0.015229774145469032,-0.5353005851906731,-0.7428387715507638,0.401760994815267
0.03140224865512374,-0.5431519424779221,-0.7424371098956376,0.39087978204516377
0.04755318629227618,-0.5507701618574172,-0.7417061562060402,0.37981956390774263
0.06367558298178329,-0.5581519076461643,-0.7406460886262317,0.36858545756112193
0.0797624485271354,-0.5652939436272552,-0.7392572356821848,0.35718265438685043
0.09580680957881786,-0.5721931345981626,-0.7375400760819839,0.34561641762225154
0.11180171259776284,-0.5788464478742724,-0.7354952384483985,0.33389207996488646
0.1277402268125837,-0.5852509547469175,-0.7331235009838206,0.3220150411501261
0.14361544716929425,-0.5914038318951997,-0.7304257910677885,0.3099907655028347
0.15942049727221333,-0.5973023627509109,-0.7274031847873454,0.2978247794641786
0.17514853231475544,-0.6029439388158818,-0.7240569064005127,0.28552266909458573
0.1907927419988186,-0.6083260609311186,-0.7203883277331831,0.2730900775538894
0.20634635344146993,-0.6134463404971,-0.7163989675097681,0.2605327025597023
0.22180263406764933,-0.6183025006446408,-0.712090490617966,0.24785629382507332
0.2371548944876034,-0.6228923773557455,-0.7074647073080353,0.23506665047649195
0.25239649135777587,-0.6272139205339038,-0.7025235723269964,0.22216961845331082
0.26752083022387746,-0.6312651950232986,-0.6972691839882051,0.20917108788966676
0.2825213683448758,-0.635044381576429,-0.6917037831767734,0.1960769904799881
0.29739161749664095,-0.6385497777696681,-0.6858297522913331,0.18289329682918268
0.3121251467540009,-0.6417797988663071,-0.6796496141226759,0.16962601378860936
0.32671558524995914,-0.6447329786266542,-0.6731660306698168,0.15628118177894032
0.3411566249108449,-0.6474079700647921,-0.6663818018940665,0.1428648721010286
0.3554420231661691,-0.6498035461516141,-0.6592998644117155,0.12938318423590128
0.36956560563196955,-0.6519186004637888,-0.6519232901259637,0.11584224313500172
0.3835212687664473,-0.6537521477783302,-0.6442552847987523,0.10224819650181158
0.3973029824966941,-0.6553033246124712,-0.6362991865631821,0.08860721206598507
0.4109047928153345,-0.6565713897085695,-0.628058464377224,0.0749254748511331
0.42432082434591284,-0.6575557244637977,-0.6195367164194577,0.06120918443739724
0.43754528287586797,-0.6582558333043956,-0.6107376684275923,0.04746455221995679
0.45057245785595246,-0.6586713440042902,-0.6016651719805518,0.03369779866461386
0.4633967248649721,-0.6588020079479159,-0.5923232027249313,0.019915150561603766
0.4760125480387242,-0.658647700337089,-0.5827158585466483,0.0061228382787784945
0.48841448246204217,-0.6582084203418236,-0.572847357688644,-0.007672906984687303
0.5005971765228586,-0.6574842911949955,-0.5627220368155079,-0.021465855942918735
0.5125553742272229,-0.6564755602307942,-0.5523443490259197,-0.035249783965142695
0.5242839174742162,-0.6551825988669215,-0.541718861813828,-0.04901847381351872
0.535777748289739,-0.6536059025305285,-0.5308502549793048,-0.06276571837585714
0.5470319110181463,-0.6517460905279058,-0.519743318490037,-0.07648532339207119
0.5580415544707373,-0.649603905857967,-0.5084029502944337,-0.09017111017322527
0.5688019340301185,-0.6471802149695949,-0.4968341540873552,-0.10381691831203606
0.5793084137094782,-0.6444760074629422,-0.4850420370294775,-0.11741660838368916
0.5895564681658352,-0.6414923957348101,-0.4730318074213412,-0.1309640646358369
0.5995416846663347,-0.6382306145682454,-0.46080877233313744,-0.1444531976666472
0.6092597650066968,-0.6346920206665347,-0.4483783351913123,-0.15787794708977787
0.6187065273809306,-0.6308780921317867,-0.4357459933230837,-0.17123228418515554
0.6278779082014626,-0.62679042788833,-0.422917335459985,-0.18451021453444433
0.6367699638688357,-0.6224307470511752,-0.4098980392015655,-0.1977057806400955
0.6453788724901675,-0.6178008882398139,-0.3966938684403944,-0.21081306452687468
0.653700935545573,-0.6129028088376549,-0.3833106707495304,-0.22382619032477158
0.6617325795017838,-0.6077385841974224,-0.3697543747336371,-0.23673932683220425
0.6694703573722138,-0.6023104067928671,-0.356030987344936,-0.24954669005843647
0.6769109502227529,-0.5966205853171619,-0.3421465911652059,-0.26224254574413747
0.6840511686225835,-0.5906715437283845,-0.3281073416550508,-0.27482121185902053
0.690887954039349,-0.5844658202425066,-0.31391946437167023,-0.2872770610755058
0.6974183801780222,-0.5780060662743409,-0.29958925215638355,-0.2996045232173649
0.703639654262848,-0.5712950453269149,-0.285123062293165,-0.311798087682311
0.7095491182617581,-0.5643356318297659,-0.27052731363946536,-0.32385230583751395
0.7151442500526854,-0.5571308099266806,-0.2558084837306032,-0.3357617933870269
0.7204226645312255,-0.549683672213414,-0.24097310585901938,-0.3475212327101224
0.7253821146591242,-0.5419974184259568,-0.2260277661297014,-0.3591253751695531
0.7300204924530919,-0.5340753540799396,-0.21097910049309146,-0.370569043388757
0.7343358299134748,-0.5259208890617779,-0.19583379175680146,-0.38184713349704624
0.7383262998923394,-0.5175375361721963,-0.1805985665774666,-0.3929546173418302
0.7419902169005504,-0.5089289096227815,-0.1652801924340821,-0.40388654466693186
0.7453260378534555,-0.5000987234862379,-0.1498854745841631,-0.41463804525608206
0.7483323627548114,-0.4910507901010459,-0.13442125300408805,-0.4252043310406785
0.7510079353186156,-0.48178901843123606,-0.11889439931498332,-0.43558069817091905
0.7533516435285401,-0.472317412382018,-0.1033118136955162,-0.4457625290494313
0.7553625201346799,-0.4626400690720206,-0.08768042178296645,-0.45574529432653754
0.7570397430873727,-0.4527611770629214,-0.07200717156395266,-0.4655245548563067
0.7583826359078575,-0.4426850145472601,-0.056299030256192414,-0.47509596361256806
0.7593906679955845,-0.43241594749525375,-0.04056298118267907,-0.48445526756407087
0.7600634548720009,-0.4219584277614451,-0.02480602063966031,-0.4935983095079963
0.7604007583606794,-0.41131699115203774,-0.00903515475980587,-0.5025210298610441
0.7604024867036755,-0.40049625545378775,0.006742603628046812,-0.5112194684073329
0.7600686946140324,-0.3895009184253394,0.022520238141179278,-0.5196897660023742
0.7593995832643798,-0.37833575575190886,0.03829073198592123,-0.527928166232396
0.7583955002116017,-0.3670056189642367,0.05404707109983257,-0.5359310170283127
0.7570569392575741,-0.355515433322747,0.06978224729174964,-0.5436947722336553
0.7553845402460099,-0.34387019566786536,0.08548926137830849,-0.5512159931257976
0.7533790887954662,-0.3320749722374637,0.10116112631556032,-0.5584913498898333
0.7510415159686061,-0.32013489645241466,0.11679087032429644,-0.5655176230444753
0.748372897877833,-0.30805516667125366,0.13237154000770437,-0.5722917048193774
0.7453744552274423,-0.29584104391495863,0.14789620345997936,-0.5788106004832891
0.7420475527924647,-0.28349784956287205,0.16335795336452122,-0.5850714296224832
0.7383936988344085,-0.271030963020804,0.178749910080351,-0.5910714273689119
0.7344145444541249,-0.2584458193623641,0.19406522471538726,-0.5968079455775723
0.7301118828820641,-0.24574790694458676,0.20929708218522924,-0.6022784539525808
0.725487648706203,-0.23294276499892108,0.22443870425609935,-0.6074805411214796
0.7205439170379637,-0.220035981198671,0.2394833525706063,-0.6124119156573203
0.7152829026164673,-0.20703318920398084,0.25442433165499784,-0.6170704070480919
0.7097069588514896,-0.1939400661854709,0.26925499190657953,-0.6214539666130817
0.7038185768055215,-0.18076233032763747,0.2839687325599872,-0.6255606683657844
0.6976203841153596,-0.16750573831314153,0.29855900463100904,-0.6293887098229903
0.691115143853678,-0.15417608278911799,0.3130193138366624,-0.6329364127597166
0.6843057533310614,-0.14077918981664486,0.3273432234902454,-0.6362022239096567
0.6771952428390117,-0.1273209163045215,0.34152435737008907,-0.6391847156108607
0.6697867743344534,-0.11380714742850855,0.35555640256075294,-0.6418825863963667
0.6620836400663043,-0.1002437940371921,0.36943311226541664,-0.644294661529544
0.6540892611446915,-0.08663679004563764,0.38314830858823207,-0.6464198934839155
0.6458071860534307,-0.07299208981800719,0.39669588528541916,-0.6482573623672676
0.6372410891064005,-0.05931566554031558,0.41006981048389535,-0.6498062762898648
0.6283947688484752,-0.04561350458450794,0.42326412936625024,-0.6510659716766196
0.6192721464017054,-0.03189160686504309,0.43627296682088595,-0.6520359135230914
0.6098772637574565,-0.01815598218917157,0.4490905300561663,-0.6527156955952077
0.6002142820152413,-0.0044126476020989475,0.461711111177425,-0.6531050405726293
0.590287479569007,0.00933237527177206,0.47412908972570966,-0.6532038001357051
0.5801012502416615,0.023073062890325936,0.48633893517714655,-0.6530119549959857
0.5696601013686468,0.03680339245674926,0.4983352094018354,-0.6525296148702884
0.5589686518313831,0.050517344582879625,0.5101125690811971,-0.6517570183983304
0.5480316300414486,0.0642089059516921,0.5216657680827189,-0.6506945330039791
0.5368538718763575,0.07787207197772722,0.5329896597910573,-0.6493426547001762
0.52544031856784,0.0915008494642657,0.5440791993944812,-0.6477020078376359
0.5137960145435417,0.10508925925605651,0.5549294461256581,-0.645773344797427
0.501926105223079,0.11863133888640705,0.5655355654558003,-0.6435575456275819
0.48983583476941395,0.13212114521744706,0.5758928312412203,-0.6410556176238947
0.4775305437965238,0.14555275707238083,0.5859966278213512,-0.6382686948550973
0.46501566703437086,0.15892027785854623,0.5958424520673246,-0.6351980376326265
0.4522967309521853,0.17221783818010322,0.6054259153802056,-0.6318450319252169
0.439379351341104,0.18543959843917915,0.6147427456380214,-0.6282111887185817
0.42626923085721835,0.198579751424304,0.6237887890907282,-0.6242981433204652
0.41297215652610675,0.21163252488497375,0.6325600122022969,-0.6201076546113728
0.3994939972099421,0.22459218409118709,0.6410525034391134,-0.6156416042413141
0.3858407010382831,0.23745303437680712,0.6492624750039152,-0.610901995772909
0.3720182928036758,0.2502094236656076,0.657186264514513,-0.6058909537712405
0.3580328713232023,0.2628557449788702,0.6648203366265636,-0.6006107228408506
0.3438906067671379,0.2753864389234092,0.6721612845996937,-0.5950636666103072
0.32959773795588304,0.28779599615890644,0.6792058318062926,-0.5892522666647875
0.31516056962635924,0.3000789598434526,0.68595083318232,-0.583179121427149
0.3005854696690658,0.31222992805619587,0.692393276619499,-0.5768469449879783
0.2858788663370117,0.3242435561960139,0.6985302842982947,-0.5702585658851352
0.2710472454277472,0.33611455935513324,0.7043591139610961,-0.5634169258333254
0.2560971474397333,0.3478377146666321,0.7098771601250577,-0.5563250784042629
0.2410351647042976,0.35940786362477517,0.715081955234071,-0.5489861876580001
0.22586793849444023,0.3708199143771403,0.7199711707493719,-0.5414035267260279
0.21060215611175476,0.3820688439875099,0.724542618178314,-0.533580476346766
0.19524454795275242,0.3931497006685131,0.7287942500408655,-0.5255205233540896
0.17980188455587504,0.40405760598302004,0.7327241607734122,-0.5172272591195528
0.16428097363049773,0.41478775701329923,0.7363305875694821,-0.5087043779489944
0.14868865706922996,0.42533542849696954,0.7396119111570295,-0.49995567543422775
0.13303180794482752,0.43569597492878737,0.7425666565119482,-0.4909850467605406
0.1173173274930431,0.4458648326273306,0.7451934935075097,-0.4817964849707453
0.10155214208273654,0.4558375217656507,0.7474912374994496,-0.47239407918654014
0.08574320017458724,0.46560964836498564,0.7494588498464573,-0.46278201278796544
0.06989746926974505,0.4751769062506415,0.751095438365848,-0.4529645615517494
0.05402193284976436,0.4845350789691645,0.7524002577242296,-0.44294609174936167
0.03812358730917281,0.4936800416659472,0.753372709762998,-0.43273105820560875
0.02220943888202347,0.5026077629224283,0.7540123437585339,-0.42232400231862305
0.006286500563790812,0.5113143065520616,0.7543188566169918,-0.411729550042112
0.009638210970036722,-0.5197958333542528,-0.7542920930036092,0.4009524098307548
0.02555767844738414,-0.5280486027758411,-0.7539320454592232,0.3899973705148968
0.041464887086490265,-0.5360689747236801,-0.7532388542406563,0.3788692992838436
0.057352827672883626,-0.5438534110465957,-0.752212807411084,0.36757313941261044
0.0732144996435216,-0.5513984771593573,-0.7508543406546884,0.35611390810849225
0.08904291416429401,-0.5587008435750567,-0.7491640370784352,0.3444966942860135
0.10483109720267256,-0.5657572873910397,-0.7471426269485261,0.33272665631065984
0.12057209259413793,-0.5725646937277208,-0.7447909873616452,0.3208090197123788
0.1362589651010389,-0.5791200571196398,-0.7421101418511599,0.308749074869853
0.15188480346252714,-0.5854204828581359,-0.7391012599284551,0.29655217466656153
0.16744272343422045,-0.5914631882850391,-0.7357656565596151,0.2842237321196562
0.18292587081625455,-0.5972455040367997,-0.732104791577694,0.27176921798269454
0.19832742446838053,-0.6027648752384989,-0.7281202690308397,0.2591941583232794
0.21364059931077925,-0.6080188626472045,-0.7238138364665735,0.24650413207666752
0.22885864930926356,-0.6130051437441626,-0.7191873841525446,0.2337047685764208
0.2439748704435493,-0.6177215137753332,-0.714242944234115,0.22080174506318298
0.2589826036572828,-0.6221658867398053,-0.7089826898291581,0.2078007841726744
0.2738752377885197,-0.6263362963256477,-0.7034089340604712,0.19470765140400598
0.28864621247935923,-0.6302308967927779,-0.697524129026246,0.18152815256942495
0.3032890210634473,-0.6338479638024506,-0.6913308647090538,0.16826813122660814
0.31779721343006884,-0.6371858951929967,-0.6848318678238378,0.15493346609463188
0.3321643988635661,-0.6402432117014627,-0.6780300006054273,0.14153006845475052
0.346384248856821,-0.643018557630828,-0.6709282595361193,0.12806387953712461
0.3604504998975628,-0.6455107014625007,-0.663529774013894,0.11454086789464482
0.37435695622626075,-0.6477185364138148,-0.6558378049618596,0.10096702676500403
0.3880974925643875,-0.6496410809402815,-0.6478557433795518,0.08734837142217523
0.4016660568118404,-0.6512774791823646,-0.6395871088367283,0.0736909365184571
0.41505667271232904,-0.6526270013565824,-0.6310355479103356,0.060000773418253585
0.42826344248554793,-0.6536890440907577,-0.6222048325653416,0.04628394752475778
0.4412805494249682,-0.6544631307032636,-0.613098858480158,0.03254653560071286
0.45410226046009927,-0.6549489114261405,-0.6037216433173949,0.01879462308442631
0.46672292868208326,-0.6551461635719814,-0.5940773249407229,0.005034301402215064
0.4791369958315032,-0.655054791644508,-0.5841701595786292,-0.008728334721538587
0.4913389947473069,-0.6546748273927883,-0.5740045199358909,-0.022487189955539794
0.5033235517757548,-0.6540064298090665,-0.5635848932536006,-0.036236171052761376
0.5150853891383307,-0.6530498850702073,-0.5529158793186102,-0.04996918954047012
0.5266193272575593,-0.6518056064227731,-0.5420021884232733,-0.06368016440791817
0.537920287039705,-0.6502741340117884,-0.5308486392763961,-0.0773630247905198
0.5489832921133385,-0.6484561346532621,-0.5194601568663239,-0.09101171264933512
0.5598034710227758,-0.6463524015505667,-0.5078417702771082,-0.10462018544468406
0.5703760593754197,-0.6439638539547983,-0.4959986104587294,-0.11818241880271695
0.5806964019420519,-0.641291536769267,-0.4839359079523598,-0.13169240917377104
0.5907599547091418,-0.6383366200982911,-0.47165899057167837,-0.1451441764813453
0.6005622868822624,-0.6351003987404917,-0.4591732810412648,-0.15853176676053052
0.6100990828397249,-0.6315842916268122,-0.44648429459311956,-0.1718492547847357
0.6193661440355644,-0.6277898412035103,-0.43359763652237704,-0.18509074667955808
0.6283593908510335,-0.6237187127603939,-0.4205189997032943,-0.1982503825226478
0.6370748643937784,-0.6193726937045965,-0.4072541620666148,-0.21132233892842597
0.6455087282439029,-0.6147536927802143,-0.39380898403942766,-0.22430083161652076
0.6536572701461427,-0.6098637392341486,-0.3801894059486543,-0.23718011796279326
0.6615169036473971,-0.6047049819285208,-0.36640144538931374,-0.24995449953183296
0.6690841696788952,-0.5992796884000555,-0.3524511945587317,-0.2626183245898099
0.6763557380822871,-0.5935902438668418,-0.3383448175578737,-0.2751659905965798
0.6833284090789887,-0.5876391501829185,-0.32408854766099765,-0.28759194667594784
0.6899991146821199,-0.5814290247411403,-0.3096886845548337,-0.299890696063005
0.6963649200504167,-0.5749625993248133,-0.2951515915485145,-0.3120567985274631
0.702423024783505,-0.5682427189086043,-0.28048369275548934,-0.3240848727719217
0.708170764157969,-0.5612723404092589,-0.2656914702486701,-0.3359695988040157
0.7136056103036588,-0.5540545313866767,-0.25078146119006844,-0.3477057202813999
0.718725173319714,-0.546592468695922,-0.23576025493619146,-0.3592880468285393
0.7235272023298086,-0.5388894370907633,-0.22063449012048042,-0.37071145632429015
0.7280095864761442,-0.5309488277793616,-0.20541085171407916,-0.38197089715926263
0.7321703558517493,-0.5227741369327464,-0.19009606806623433,-0.3930613904619764
0.7360076823706704,-0.5143689641467395,-0.17469690792563622,-0.40397803229282947
0.7395198805756632,-0.5057370108580056,-0.15922017744401637,-0.41471599580491514
0.7427054083830263,-0.49688207871493506,-0.1436727171633278,-0.42527053337073994
0.7455628677642426,-0.4878080679040753,-0.12806139898783986,-0.4356369786739057
0.7480910053641231,-0.4785189754328549,-0.11239312314248545,-0.44581074876483706
0.7502887130551776,-0.4690188933693585,-0.09667481511880623,-0.45578734607965155
0.7521550284279628,-0.4593120070399348,-0.08091342260984548,-0.46556236042128457
0.7536891352171845,-0.44940259318543085,-0.06511591243534276,-0.47513147090199737
0.7548903636633687,-0.4392950180768747,-0.04928926745859051,-0.48449044784641626
0.7557581908099293,-0.4289937355914356,-0.033440483496313844,-0.4936351546542654
0.7562922407355058,-0.41850328524951674,-0.017576566222939974,-0.5025615496219742
0.7564922847214565,-0.40782829021384837,-0.001704528070624797,-0.5112656877223589
0.7563582413544364,-0.3969734552514679,0.014168614873593579,-0.5197437223415967
0.755890176564008,-0.3859435646594887,0.030035845972143465,-0.5279919069727277
0.7550883035952624,-0.3747434801555763,0.04589015114139892,-0.5360065968649413
0.7539529829164631,-0.363378138734066,0.061724521954918336,-0.5437842506279217
0.7524847220617483,-0.3518525504886713,0.07753195874407144,-0.5513214317905462
0.750684175408957,-0.34017179640274736,0.09330547369468513,-0.5586148103132538
0.7485521438926728,-0.32834102610808674,0.10903809393834024,-0.5656611640534162
0.7460895746526118,-0.3163654556132418,0.12472286463695437,-0.5724573801830689
0.7432975606175042,-0.30425036500237734,0.1403528520592878,-0.5790004565583794
0.7401773400246486,-0.2920010961056743,0.15592114664801432,-0.5852875030402485
0.7367302958753537,-0.2796230501423147,0.17142086607600265,-0.591315742765467
0.7329579553264951,-0.2671216853370918,0.18684515829045806,-0.5970825133678669
0.7288619890184652,-0.2545025145117014,0.2021872045435813,-0.6025852681489318
0.7244442103397972,-0.24177110265177915,0.2174402224084054,-0.6078215771973497
0.7197065746287945,-0.22893306445076295,0.23259746877847967,-0.6127891284570204
0.7146511783125102,-0.2159940618316667,0.24765224285007603,-0.6174857287430423
0.7092802579834557,-0.2029598014478627,0.2625978890856015,-0.6219093047052383
0.7035961894144422,-0.1898360321639798,0.27742780015690816,-0.6260579037387926
0.6976014865119898,-0.1766285425180321,0.29213541986720176,-0.6299296948416002
0.6912988002087593,-0.1633431581659014,0.3067142460502588,-0.6335229694179528
0.6846909172954986,-0.1499857393093061,0.3211578334456724,-0.6368361420282075
0.6777807591930117,-0.1365621781083936,0.3354597965488579,-0.6398677510841085
0.6705713806646947,-0.12307839608010308,0.349613812434561,-0.6426164594894578
0.6630659684701999,-0.10954034148344917,0.36361362355262034,-0.6450810552258518
0.6552678399608259,-0.09595398669288523,0.3774530404947532,-0.6472604518832286
0.6471804416172461,-0.08232532556090807,0.39112594473114104,-0.6491536891349916
0.6388073475302226,-0.06866037077107215,0.40462629131560873,-0.6507599331575018
0.6301522578249737,-0.054965151182584854,0.417948111558203,-0.6520784769937552
0.6212189970298856,-0.04124570916765833,0.43108551566399084,-0.6531087408610844
0.6120115123902922,-0.02750809794279661,0.4440326953369141,-0.6538502724027514
0.6025338721280594,-0.013758378895199236,0.4567839263475497,-0.6543027468833214
0.5927902636477456,-2.618905464940682e-06,0.46933357106364587,-0.6544659673277313
0.582784991690125,0.013753112332219585,0.481676080942313,-0.6543398646039934
0.5725224764338892,0.027502744991219578,0.4938059989827751,-0.653924497449498
0.5620072515463622,0.04124021179373406,0.5057179621385949,-0.6532200524409051
0.5512439621840908,0.05495945069103288,0.5174067036883122,-0.6522268439076392
0.5402373629441868,0.0686544075414625,0.5288670555634476,-0.6509453137890241
0.528992315767328,0.08231903878503534,0.5400939506328453,-0.6493760314351253
0.5175137877933411,0.0959473141134197,0.5510824249423479,-0.6475196933513846
0.5058068491703129,0.10953321913414357,0.5618276199088121,-0.6453771228871623
0.4938766708181921,0.12307075802784538,0.5723247844675058,-0.6429492698683261
0.4817285221478732,0.13655395619737962,0.5825692771719294,-0.6402372101740463
0.46936776873676506,0.14997686290761647,0.5925565682451409,-0.6372421452579875
0.4567998699618707,0.16333355391476329,0.6022822415816811,-0.6339654016141073
0.44403037659142,0.1766181340840438,0.6117419966992121,-0.630408430187298
0.4310649283361205,0.18982473999457783,0.6209316506390121,-0.626572805729133
0.4179092513611059,0.20294754253030792,0.6298471398144869,-0.6224602260990009
0.4045691557596772,0.21598074945582632,0.6384845218068829,-0.6180725115109373
0.39105053298995573,0.22891860797596333,0.646839977107411,-0.6134116037264886
0.37735935327557435,0.24175540727800246,0.6549098108050133,-0.6084795651939587
0.36350166297155656,0.25448548105539953,0.6626904542190263,-0.6032785781344265
0.3494835818965451,0.2671032100118875,0.6701784664760249,-0.5978109435749313
0.3353113006325578,0.2796030243448593,0.6773705360301496,-0.5920790803292566
0.32099107779346,0.29197940620692964,0.6842634821262463,-0.5860855239267609
0.30652923726336306,0.3042268921445873,0.6908542562051767,-0.5798329254897298
0.29193216540616423,0.3163400755128577,0.6971399432506775,-0.5733240505597421
0.27720630824746056,0.3283136088649075,0.7031177630771761,-0.566561777873572
0.2623581686300818,0.3401422063155348,0.7087850715579951,-0.5595490980891643
0.24739430334449633,0.35182064587749834,0.7141393617934065,-0.5522891124622477
0.23232132023535723,0.3633437717696511,0.7191782652180166,-0.5447850314741662
0.2171458752854668,0.3747064966958597,0.7238995526469992,-0.5370401734115412
0.20187466967844525,0.38590380409369807,0.7283011352607136,-0.5290579628983834
0.18651444684140062,0.39693075035192216,0.7323810655272731,-0.5208419293813071
0.1710719894689074,0.407782466995745,0.736137538062662,-0.5123957055685159
0.1555541165296043,0.4184541628389437,0.7395688904280172,-0.5037230258232441
0.1399676802567363,0.4289411261018471,0.7426736038637283,-0.49482772451236956
0.12431956312396705,0.4392387264942674,0.7454503039600304,-0.48571373431091946
0.10861667480779899,0.4493424172624534,0.747897761263797,-0.47638508446322353
0.0928659491379399,0.45924773719915934,0.7500148918212645,-0.46684589900147827
0.0770743410369656,0.46895031261594144,0.751800757656451,-0.4571003949225097
0.061248823450627765,0.47844585927680894,0.7532545671850598,-0.4471528803235397
0.04539638427016218,0.4877301842923725,0.7543756755636846,-0.43700775249777707
0.029524023247959733,0.4967991879736554,0.7551635849741656,-0.4266694959906755
0.013638748907956785,0.5056488656447431,0.7556179448429698,-0.41614268061771403
0.0022524245478839455,-0.5142753094134739,-0.7557385519955042,0.4054319594445786
0.018142480334415415,-0.5226747098514636,-0.7555253507976594,0.39454206669387915
0.03402440218746587,-0.5308433578184729,-0.7549784330229642,0.383477815767723
0.049891177450760424,-0.538777645966431,-0.7540980379681534,0.3722440970009188
0.06573580017588412,-0.5464740703787753,-0.75288455229454,0.3608458755412617
0.08155127421486252,-0.5539292321199673,-0.7513385098565498,0.3492881891553949
0.09733061630845251,-0.5611398387386364,-0.749460591465215,0.33757614600265223
0.11306685916878041,-0.5681027057236873,-0.7472516245867349,0.325714922377864
0.1287530545549662,-0.5748147579127271,-0.7447125829762363,0.31370976042412396
0.14438227634037243,-0.5812730308521886,-0.7418445862468971,0.30156596581652434
0.15994762357012826,-0.5874746721085483,-0.7386488993746252,0.28928890541788327
0.17544222350757216,-0.593416942530059,-0.7351269321385122,0.2768840049074978
0.19085923466827262,-0.5990972174584378,-0.7312802384973084,0.264356746383969
0.2061918498402842,-0.6045129878899762,-0.7271105159022,0.25171266594315805
0.2214332990893036,-0.6096618615855538,-0.7226196045461871,0.23895735123234083
0.23657685274740228,-0.6145415641290705,-0.717809486550401,0.22609643898164133
0.2516158243840111,-0.6191499399338237,-0.7126822850877172,0.21313561251383284
0.26654357375784693,-0.6234849531963873,-0.7072402634440542,0.2000805992336056
0.2813535097484774,-0.6275446887975717,-0.7014858240177722,0.18693716809740987
0.2960390932662263,-0.6313273531500638,-0.695421507257617,0.17371112706499078
0.31059384013913927,-0.6348312749923734,-0.6890499905396755,0.16040832053373522
0.32501132397572496,-0.6380549061287333,-0.6823740869838455,0.1470346267569751
0.33928517900221866,-0.6409968221146287,-0.6753967442103359,0.1335959552473704
0.3534091028731077,-0.6436557228876485,-0.6681210430367543,0.12009824416652953
0.3673768594536758,-0.6460304333433814,-0.6605501961163542,0.10654745770201475
0.38118228157334405,-0.6481199038561033,-0.6526875465180466,0.09294958343289049
0.39481927374858344,-0.6499232107440213,-0.6445365662488017,0.07931062968497768
0.4082818148742031,-0.6514395566788737,-0.636100854719096,0.06563662287698102
0.42156396088182135,-0.6526682710396995,-0.6273841371520834,0.051933604858660484
0.4346598473643459,-0.6536088102106243,-0.6183902629371921,0.03820763024222189
0.4475636921653026,-0.6542607578225295,-0.6091232039288764,0.02446476372810403
0.46026979793187367,-0.6546238249384964,-0.599587052691277,0.010711077426342986
0.4727725546305065,-0.654697850182945,-0.5897860206895612,-0.0030473518253046356
0.4850664420239962,-0.6544827998144096,-0.5797244364287495,-0.016804445145295555
0.49714603210893366,-0.6539787677419165,-0.5694067435408445,-0.03055412429310644
0.5090059915124505,-0.65318597548496,-0.5588374988211118,-0.04429031435372827
0.5206410838472003,-0.652104772077092,-0.5480213702143798,-0.05800694642066376
0.5320461720235327,-0.6507356339131661,-0.5369631347522488,-0.07169796027624356
0.5432162205178402,-0.6490791645403063,-0.5256676764421195,-0.08535730706807827
0.5541462975960803,-0.6471360943926916,-0.5141399841089767,-0.09897895198046539
0.5648315774914778,-0.6449072804702718,-0.5023851491908788,-0.11255687689957138
0.5752673425354615,-0.6423937059615583,-0.4904083634891314,-0.12608508307121327
0.5854489852408788,-0.6395964798106554,-0.4782149168741335,-0.13955759375006666
0.5953720103365766,-0.6365168362287228,-0.4658101949479166,-0.15296845683913027
0.6050320367524458,-0.6331561341500855,-0.45319967666440486,-0.1663117475182827
0.6144247995540537,-0.629515856633233,-0.4403889319084501,-0.17958157086077123
0.6235461518260083,-0.6255976102069674,-0.4273836190347108,-0.19277206443647724
0.6323920665032209,-0.6214031241619943,-0.41418948236746217,-0.20587740090080986
0.6409586381492617,-0.6169342497882677,-0.40081234966244345,-0.2188917905680848
0.6492420846810182,-0.6121929595584233,-0.3872581295318622,-0.23180948396825282
0.657238749038896,-0.6071813462576648,-0.37353280883369433,-0.2446247743858489
0.664945100801824,-0.6019016220604847,-0.3596424500264333,-0.2573320003800423
0.6723577377463494,-0.5963561175546278,-0.3455931884904567,-0.2699255482846737
0.6794733873491345,-0.5905472807127308,-0.33139122981719477,-0.28239985468717815
0.6862889082321892,-0.5844776758120882,-0.3170428470672962,-0.2947494088852974
0.6928012915502026,-0.578149982303026,-0.30255437799900625,-0.3069687553204987
0.6990076623193585,-0.5715669936263801,-0.2879322222679779,-0.3190524959870254
0.7049052806870496,-0.5647316159806022,-0.2731828385997555,-0.3309952928155164
0.7104915431419254,-0.5576468670390402,-0.2583127419361792,-0.3427918700301415
0.715763983663744,-0.5503158746179566,-0.24332850055697092,-0.35443701647821346
0.7207202748125143,-0.5427418752958746,-0.22823673317777346,-0.3659255879312474
0.7253582287564505,-0.5349282129848633,-0.213044106025925,-0.3772525093564525
0.7296757982382823,-0.5268783374543904,-0.19775732989526001,-0.38841277715765254
0.733671077479496,-0.5185958028083975,-0.182383157181239,-0.3994014613846481
0.7373423030221025,-0.5100842659162678,-0.16692837889771492,-0.41021370791004186
0.7406878545075645,-0.5013474847983822,-0.151399821676656,-0.4208447405725696
0.7437062553925358,-0.49238931696697563,-0.13580434475214903,-0.4312898632859888
0.746396173601095,-0.4832137177230261,-0.1201488369300158,-0.4415444621125942
0.7487564221131892,-0.4738247384099298,-0.10444021354438145,-0.45160400730044575
0.7507859594890224,-0.4642265246247351,-0.08868541340253878,-0.4614640552834088
0.7524838903291595,-0.454423314387722,-0.07289139571945828,-0.4711202506431247
0.7538494656701418,-0.4444194362711393,-0.05706513704329775,-0.48056832803204413
0.754882083315438,-0.4342193074879251,-0.04121362817326978,-0.48980411405667695
0.7555812881015856,-0.4238274319412543,-0.02534387107122838,-0.498823529120224
0.7559467720994014,-0.4132483982357753,-0.009462875768338794,-0.5076225892237802
0.7559783747501758,-0.4024868776514152,0.006422342731802913,-0.5161974077253128
0.7556760829367881,-0.39154762208064814,0.022304767552232763,-0.5245441970556374
0.755040030989711,-0.3804354619301375,0.03817738304249541,-0.532659270390637
0.7540705006279014,-0.36915530398768076,0.054033177877965154,-0.5405390432789821
0.7527679208346039,-0.35771212925539747,0.06986514815724236,-0.5481800352246369
0.7511328676681195,-0.34611099075011864,0.0856663004962574,-0.5555788712234508
0.7491660640076255,-0.33435701127195017,0.10142965511771532,-0.5627322832531583
0.746868379234156,-0.32245538114199457,0.11714824893451695,-0.569637111716128
0.7442408288468844,-0.3104113559102308,0.13281513862579408,-0.5762903068342254
0.7412845740148762,-0.2982302540345668,0.14842340370420085,-0.5826889299951741
0.7380009210645132,-0.28591745453208733,0.16396614957310585,-0.5888301550498174
0.7343913209028075,-0.2734783946035367,0.179436510572335,-0.5947112695597133
0.73045736837687,-0.2609185672320857,0.19482765301112046,-0.6003296759945085
0.7262008015698055,-0.24824351875744283,0.21013277818691498,-0.6056828928785621
0.7216235010333528,-0.23545884642638232,0.22534512538873946,-0.6107685558863172
0.7167274889576041,-0.22257019592077107,0.24045797488373652,-0.6155844188859311
0.7115149282781721,-0.2095832588641866,0.25546465088561165,-0.6201283549307091
0.7059881217211976,-0.1965037703082271,0.2703585245036502,-0.6243983571979
0.7001495107866187,-0.1833375061996249,0.28513301667100843,-0.6283925398744414
0.6940016746701532,-0.17009028082928235,0.2997816010509852,-0.6321091389892625
0.6875473291244655,-0.15676794426435642,0.31429780691999043,-0.6355465131917774
0.680789325260025,-0.1433763797645271,0.32867522202593724,-0.638703144476226
0.6737306482861819,-0.12992150118359153,0.34290749542079585,-0.6415776388515423
0.6663744161930186,-0.11640925035753075,0.3569883402660571,-0.6441687269564528
0.6587238783745574,-0.10284559448020392,0.3709115366098684,-0.6464752646195374
0.6507824141939315,-0.08923652346782912,0.38467093413461373,-0.6484962333640015
0.642553531491155,-0.07558804731341515,0.3982604548737254,-0.6502307408569388
0.6340408650341494,-0.061906193432313184,0.4116740958965275,-0.6516780213028865
0.6252481749137084,-0.048197004000060856,0.424905931959925,-0.6528374357814984
0.6161793448831154,-0.03446653328369521,0.4379501181257687,-0.6537084725291878
0.6068383806431386,-0.020720844967713228,0.4508008923427374,-0.654290747164614
0.5972294080731692,-0.006966009475861602,0.46345257799160106,-0.6545840028579167
0.5873566714092779,0.0067918987100612765,0.4758995863927365,-0.6545881104436196
