0,0,0,0,0,0,0,0,0,0,0,0,0,0,0,0,0,0,0,0
0,0,0,0,2.2567,0,0,1.1805,0,0,0,0,2.0685,2.8853,2.6679,1.851,0,0,0,0
0.19529,0.11594,0.028982,0.067638,2.3668,0.17094,0.37094,1.4079,0.036004,0.15787,0.22421,0.077217,2.1779,2.9417,2.7038,1.9328,0.36357,0.51285,0.47371,0.3419
0.16683,0.090764,1.0306,0.039294,2.3327,0.1505,0.35118,1.3197,0.0085784,0.12633,0.18949,0.046734,2.2154,2.9245,2.6608,1.9446,0.32895,0.48323,0.45186,0.31255
0.10481,0.031559,1.0523,0,2.2631,0.097778,0.29748,0.20758,0,0.05996,0.12195,0,2.2156,2.8696,2.5806,1.9209,0.25758,0.41832,0.39434,0.24903
0.14228,0.074857,1.1727,0.014619,2.2873,0.1436,0.34603,0.25743,0,0.095495,0.15673,0.018091,2.3142,2.9132,2.6011,1.9976,0.28927,0.45334,0.43792,0.28548
0.18909,0.12588,1.2987,0.060239,2.3188,0.19904,0.40454,0.31389,0.0331,0.13789,0.19871,0.062032,2.4181,2.9608,2.6275,2.0816,0.33202,0.49687,0.48824,0.32856
0.12867,0.072543,1.3148,0,2.2408,0.14575,0.35357,0.26383,0,0.075073,0.13042,0.00048087,2.4119,2.8989,2.5456,2.0575,0.2672,0.43184,0.43069,0.26511
0.16933,0.12,1.4301,0.039611,2.2585,0.1942,0.40408,0.31288,0.01568,0.11296,0.16583,0.039712,2.5047,2.9362,2.5639,2.1345,0.30077,0.46733,0.47505,0.30508
0.12153,0.074683,1.4506,0,2.181,0.15456,0.36236,0.27106,0,0.058073,0.10938,0.072876,2.5025,2.8771,2.49,2.1185,0.24495,0.41226,0.4282,0.25247
0.16737,0.1245,1.5628,0.032456,2.1992,0.20672,0.41426,0.32499,0.010969,0.096328,0.14767,0.028782,2.5919,2.9112,2.5094,2.1964,0.27752,0.45054,0.47603,0.29268
0.094398,0.055991,1.5554,0,2.0934,0.13964,0.3495,0.26516,0,0.01807,0.068302,0,2.5616,2.8256,2.4115,2.1566,0.19484,0.37092,0.40546,0.21844
0.14367,0.10942,1.6673,0.0075153,2.1053,0.19386,0.40432,0.3242,0,0.063294,0.11117,0.00076188,2.6503,2.8581,2.4338,2.238,0.24044,0.41451,0.45578,0.26437
0.18389,0.15408,1.7685,0.048602,2.1127,0.24463,0.45475,0.37268,0.030575,0.10193,0.14481,0.041211,2.7285,2.8801,2.4481,2.3111,0.27698,0.45044,0.49737,0.3039
0.14049,0.11148,1.7792,0.0026329,2.0262,0.20629,0.41727,0.33272,1.0479,0.05015,0.094672,0,2.7162,2.8117,2.3745,2.2959,0.22536,0.39692,0.45412,0.25625
2.3557,0.15527,1.865,0.034271,2.0159,0.24764,0.45719,0.37016,1.1311,0.076754,0.12258,0.02398,2.779,2.822,2.3784,2.3579,0.25134,0.41991,0.48694,0.28916
0.13369,0.11909,1.8757,0,1.9318,0.2201,0.42258,0.33249,1.1427,0.032352,0.075372,0,2.7667,2.7564,2.3094,2.3471,0.20497,0.37228,0.44755,0.248
0.18886,0.17964,1.9775,0.047984,1.9387,0.28048,0.48369,0.39451,1.2492,0.082865,0.12441,0.036258,2.8459,2.7823,2.3351,2.4299,0.25348,0.4206,0.50151,0.30338
0.15613,0.14869,1.9852,0.01145,1.8529,0.25523,0.4553,0.36308,1.265,0.040865,0.083596,0,2.8312,2.7142,2.2703,2.421,0.21122,0.37586,0.46475,0.26524
0.21604,0.21289,2.0841,0.069487,1.8579,0.32144,0.51975,0.42589,1.3754,0.094034,0.13174,0.055003,2.9078,2.7381,2.2989,2.5055,0.26208,0.42541,0.52194,0.32182
0.18783,0.18671,2.0919,0.039172,1.7737,0.29813,0.49372,0.39839,1.398,0.059761,0.097597,0.023757,2.8935,2.6718,2.2396,2.5014,0.22563,0.38829,0.49156,0.29182
0.16325,0.17032,2.1039,0.015518,1.6944,0.2831,0.47873,0.37884,1.4277,0.031555,0.069747,0,2.8832,2.613,2.1876,2.5032,0.19738,0.35891,0.46718,0.26651
0.24248,0.25098,2.2101,0.090667,1.7102,0.36509,0.55768,0.45663,1.5557,0.10135,0.14063,0.073266,2.9693,2.6514,2.2337,2.6026,0.2635,0.42387,0.54136,0.34015
0.20018,0.21886,2.1968,0.050088,1.6092,0.33033,0.52341,0.41412,1.5677,0.056644,0.09447,0.031113,2.9369,2.5692,2.1647,2.5852,0.21742,0.3728,0.49845,0.29825
0.14764,0.17125,2.1673,0,1.4911,0.28563,0.4728,0.36039,1.566,0,0.035714,0,2.8885,2.4708,2.0819,2.5534,0.15569,0.3114,0.44156,0.24263
0.19316,0.21743,2.2302,0.038125,1.4715,0.33497,0.51902,0.40339,1.6604,0.034186,0.072834,0.015848,2.934,2.4678,2.0959,2.617,0.19204,0.34361,0.48106,0.28243
0.13479,0.16472,2.1872,2.2041,1.3515,0.28389,0.46295,0.34277,1.6523,0,0.0084062,0,2.8753,2.3607,2.0081,2.5775,0.12578,0.27636,0.41815,0.22053
0.19533,0.23021,2.2611,0.0362,1.3477,0.34669,0.5245,0.39815,1.762,0.022869,0.060374,0.010218,2.9309,2.3717,2.0382,2.6553,0.17965,0.3249,0.47291,0.2761
0.14842,0.18541,2.2238,1.0294,0.22159,0.30639,0.47949,0.34774,1.7653,0,0.0082828,0,2.8798,2.2771,1.9637,2.6263,0.12209,0.26428,0.42037,0.22848
0.20072,0.24476,2.2808,1.1283,0.27388,0.36289,0.53207,0.39752,1.8661,0.016203,0.05232,0.0083419,2.9227,2.2773,1.9882,2.6945,0.1679,0.30614,0.46694,0.28032
0.12754,0.17518,2.212,1.1014,0.20173,0.29246,0.45853,0.31747,1.8411,0,0,0,2.8387,2.1518,1.8881,2.6365,0.086371,0.22328,0.38805,0.2029
0.17041,0.22157,2.2513,1.1847,0.24236,0.33692,0.49934,0.35169,1.9297,0,0.0077888,1.0383,2.8671,2.1402,1.9035,2.692,0.12199,0.25515,0.42232,0.23984
0.21364,0.26279,2.2835,1.2607,0.2802,0.38061,0.53575,0.38281,2.0142,0.0037335,0.038589,1.1357,2.889,2.1243,1.9151,2.7432,0.1523,0.28346,0.453,0.27478
0.16385,0.21361,2.2236,1.2406,0.22428,0.32901,0.47917,0.32052,2.0057,0,0,1.1389,2.8159,2.0141,1.836,2.7014,0.091278,0.2181,0.39204,0.21983
0.20147,0.25435,2.2509,1.3119,0.26221,0.36774,0.51216,0.34885,2.0875,0,0.0084915,1.2309,2.8328,1.995,1.8503,2.7498,0.11906,0.24391,0.4212,0.2541
0.25693,0.31255,2.2899,1.3962,0.31236,0.42647,0.56209,0.39344,2.1864,0.024009,0.057815,1.3388,2.8669,1.9944,1.8825,2.8155,0.1664,0.28745,0.46831,0.30708
0.23953,0.29674,2.2568,1.4021,0.28919,0.40918,0.53735,0.3673,2.2113,0.00084865,0.033911,1.3713,2.8246,1.9203,1.8435,2.8072,0.14148,0.25443,0.44304,0.28579
0.20052,0.26422,2.1968,1.3891,0.24767,0.37351,0.49026,0.31981,2.2142,0,0,1.3807,2.7587,1.8255,1.7834,2.7773,0.095579,0.20362,0.39606,0.24342
0.2032,0.2714,2.177,1.4094,0.24865,0.37885,0.48463,0.31448,2.2581,0,0,1.4292,2.733,1.7737,1.7686,2.7885,0.095647,0.19581,0.39191,0.24619
0.23649,0.31108,2.1874,1.4631,0.28169,0.41632,0.50982,0.33939,2.3329,0,0.015126,1.5081,2.737,1.7528,1.7876,2.8312,0.12414,0.2181,0.41837,0.281
0.29679,0.36674,2.2122,1.5312,0.33016,0.46936,0.55342,0.38131,2.4248,0.033467,0.063612,1.6026,2.7574,1.751,1.8256,2.8912,0.17143,0.25794,0.46279,0.3334
0.27312,0.34388,2.1525,1.5123,0.29677,0.44193,0.51483,0.33954,2.4336,0.00018048,0.029978,1.6118,2.6974,1.6658,1.7816,2.8687,0.13697,0.22261,0.42685,0.30189
0.23005,0.30009,2.0732,1.4736,0.24457,0.39516,0.45709,0.28053,2.4226,0,0,1.6013,2.6171,1.5621,1.7232,2.8269,0.086101,0.16505,0.37245,0.25318
0.2556,0.32824,2.0625,1.5022,0.26445,0.41968,0.4722,0.29626,2.4823,0,0.00051897,1.6597,2.6068,1.5344,1.7375,2.8566,0.10657,0.17751,0.38866,0.2755
0.28702,0.36256,2.0506,1.5314,0.28857,0.4449,0.49011,0.31026,2.5438,0,0.024706,1.7185,2.5971,1.5106,1.7572,2.8886,0.12927,0.19753,0.40995,0.30847
0.35683,0.43301,2.0775,1.5975,0.34942,0.51487,0.54584,0.36731,2.6425,0.055621,0.087755,1.8138,2.6244,1.5242,1.8157,2.9587,0.19098,0.25643,0.46852,0.37424
0.32528,0.40152,2.002,1.5581,0.30641,0.47872,0.50057,0.31815,2.6378,1.0771,0.050533,1.8035,2.5481,1.4398,1.7752,2.9261,0.15268,0.2152,0.42672,0.33748
0.29375,0.36711,1.9169,1.5117,0.25993,0.43796,0.4504,0.26826,2.6272,1.0993,0.41603,1.7876,2.467,1.3512,1.7323,2.8885,0.10991,0.16816,0.38071,0.29696
0.34708,0.4243,1.9212,1.5513,0.30492,0.48743,0.49142,0.30673,2.705,1.2109,0.056316,1.8581,2.4749,1.3539,1.7806,2.9401,0.15662,0.20882,0.42488,0.35252
0.3054,0.37803,1.8251,1.4906,0.2501,0.43717,0.4318,0.24586,2.6819,1.2229,0.0059284,1.8269,2.3876,1.2573,1.7311,2.8919,0.10711,0.15317,0.36928,0.30376
0.33621,0.40841,1.8013,1.4986,0.26965,0.45966,0.44764,0.26069,2.7323,1.3093,0.03136,1.8685,2.3702,1.2384,1.7596,2.9181,0.13505,0.17223,0.38822,0.32981
0.38429,0.45493,1.7921,1.5211,0.30274,0.49901,0.47934,0.29309,2.7957,1.4097,0.07351,1.9205,2.3689,1.2367,1.8035,2.9584,0.17446,0.20667,0.42374,0.37641
0.34691,0.41518,1.693,1.4543,0.25419,0.45167,0.42515,0.23715,2.7719,1.4238,0.028907,1.8856,2.2793,1.1495,1.7647,2.9126,0.12742,0.15556,0.3738,0.33265
0.42365,1.8733,1.7092,1.4978,0.31376,0.51767,0.48547,0.29475,2.8605,1.5512,0.09971,1.9627,2.3026,0.18975,1.8411,2.9805,0.19916,0.22061,0.43859,0.40575
0.36655,0.42999,1.5881,1.4105,0.24114,0.45136,0.41126,0.22235,2.8131,1.5432,0.03713,1.903,2.1945,0.12037,1.7859,2.9134,0.1354,0.14948,0.36937,0.34495
0.41505,0.47312,1.5713,1.4211,0.27664,0.48714,0.44093,0.25089,2.8682,1.6384,0.079085,1.9443,2.1876,0.15704,1.8361,2.95,0.17571,0.18587,0.39975,0.38632
0.38742,0.43955,1.4745,1.3545,0.23538,0.4472,0.39601,0.20581,2.8448,1.6557,0.044043,1.9042,2.1063,0.11725,1.8119,2.9095,0.14357,0.14558,0.35841,0.35381
0.42979,0.47789,1.4517,1.3548,0.26656,0.476,0.42612,0.23324,2.8926,1.7446,0.083535,1.9363,2.0972,0.14913,1.8623,2.9418,0.18297,0.1785,0.39087,0.3942
0.38893,0.43232,1.3399,1.2656,0.21003,0.42385,0.36482,0.17066,2.8515,1.7451,0.036201,1.8791,2.0025,0.097571,1.8275,2.8868,0.13283,0.12472,0.33668,0.34624
0.45389,0.49416,1.3415,1.2894,0.26334,0.47791,0.41622,0.22125,2.9166,1.8522,0.097128,1.9279,2.0121,0.15252,1.9027,2.9395,0.19378,0.18072,0.39117,0.40865
0.41329,0.4466,0.24156,0.21982,0.20622,0.42122,0.3583,0.16403,2.8721,1.8499,0.055116,1.8658,1.9151,0.09724,1.8719,2.8842,0.15082,0.132,0.33833,0.36752
0.45018,0.48119,0.27735,0.25702,0.22789,0.44376,0.38077,0.1877,2.9058,1.9254,0.092108,1.8798,1.8997,0.12414,1.9224,2.9078,0.18097,0.16004,0.36505,0.40464
0.43241,0.45329,0.25139,0.23933,0.19194,0.40918,0.34024,0.14841,2.8777,1.9383,0.066752,1.8297,1.825,0.092615,1.914,2.8702,0.15432,0.12924,0.33184,0.37982
0.48401,0.4969,0.30352,0.29108,0.2273,0.44786,0.37831,0.18617,2.9219,2.0227,0.11486,1.8565,1.8229,0.13476,1.9804,2.906,0.20554,0.17064,0.37258,0.42907
0.42352,0.42787,0.23848,0.23206,0.14981,0.37221,0.30195,0.10585,2.8505,1.9914,0.049417,1.7616,1.7078,0.058983,1.9345,2.8273,0.13931,0.098906,0.29866,0.36422
0.44975,0.44694,0.26224,0.26299,0.16338,0.38361,0.31339,0.11917,2.8657,2.0461,0.079664,1.752,1.6828,0.071179,1.9781,2.8366,0.16514,0.11891,0.31475,0.38983
0.48826,1.5571,0.2918,0.29968,0.18504,0.40398,0.33343,0.1375,2.8873,2.1069,0.11462,1.7482,1.6675,0.097368,2.0311,2.8536,0.19675,0.14676,0.33934,0.42084
0.45561,0.43465,0.2566,0.26758,0.13703,0.35596,0.28432,0.087946,2.8391,2.0969,0.079098,1.6777,1.5829,0.055389,2.0168,2.8011,0.16225,0.10534,0.29602,0.38537
1.4033,0.48257,0.3087,0.33021,0.18278,0.39864,0.32969,0.1332,2.8799,2.1758,0.13832,1.6945,1.5885,0.10413,2.0944,2.8397,0.22018,0.15988,1.8385,0.43929
0.47408,0.43268,0.26409,0.29046,0.12479,0.34456,0.27619,0.077334,2.8185,2.1534,0.098937,1.6087,1.497,0.053314,2.0735,2.7783,0.18414,0.11033,0.29193,0.39639
0.53916,0.48307,1.6498,0.3607,0.17447,0.39165,0.32336,0.1277,2.8618,2.2339,0.16336,1.6262,1.509,0.10455,2.1583,2.8202,0.24504,0.16964,0.34556,1.1273
0.50251,0.43896,0.28384,0.32477,0.12586,0.33809,0.26888,0.078264,2.8019,2.2111,0.13027,1.5392,1.4238,0.057399,2.1429,2.7618,0.21016,0.12595,0.29848,0.4236
0.55563,0.4818,0.33252,0.38055,0.1644,0.37789,0.30552,0.11926,2.8281,2.2752,0.18314,1.5382,1.427,0.096321,2.2174,2.7912,0.26403,0.17351,0.34129,0.47244
0.49732,0.40964,0.26693,0.32324,0.090903,0.30367,0.23209,0.047829,2.7411,2.2253,0.12612,1.4279,1.32,0.02912,2.181,2.7086,0.2073,0.1087,0.27276,0.41146
0.55093,0.44958,0.31733,0.37909,0.13188,1.1659,0.27329,0.08727,2.7656,2.2856,0.18081,1.4252,1.3281,0.07384,2.2572,2.7382,0.261,0.15569,0.39561,0.46194
0.52463,0.41298,0.28442,0.35506,0.09303,0.30214,0.23516,0.04959,2.7081,2.2633,0.16216,1.3396,1.2566,0.03797,2.2542,2.6873,0.23493,0.12394,0.28176,0.4338
0.58202,0.45959,0.33617,0.41232,0.13443,0.34702,0.28037,0.097893,2.7327,2.322,0.22222,1.3362,1.2697,0.086082,2.3351,2.7195,0.29215,0.17585,0.33072,0.49117
0.54543,0.4121,0.29545,0.3781,0.088987,0.29492,0.23297,0.051133,2.6614,2.2853,0.18809,0.24898,1.1918,0.039924,2.3229,2.6575,0.25609,0.13965,0.28477,0.4522
0.59208,0.44618,0.33698,0.42532,0.12616,0.32176,0.26788,0.086469,2.6707,2.3283,0.24319,0.29878,0.1765,0.077165,2.3942,2.6773,0.30269,0.1798,0.32295,0.49573
0.58028,0.42323,0.31466,0.41514,0.1018,0.29839,0.24664,0.066929,2.8039,2.3121,0.2359,0.2909,0.15892,0.059023,2.4077,2.6392,0.30084,0.16777,0.30364,0.48402
0.52908,0.36199,0.26047,0.37157,0.042705,0.2379,0.18552,0.0092961,2.5309,2.2539,0.19036,0.2427,0.103,0.0024146,2.3831,2.5635,0.25578,0.11654,0.24745,0.43263
0.57809,0.40154,0.30753,0.42319,0.085516,0.27757,0.22649,0.051219,2.5438,2.2961,0.25169,0.30011,0.14998,0.04797,2.4603,2.5888,0.31464,0.16693,0.29335,0.48428
0.53685,0.35605,0.26688,0.3897,0.038171,0.23105,0.18129,0.0091706,2.4682,2.2467,0.21908,0.26952,0.10621,0.0050202,2.4488,2.5248,0.28112,0.13082,0.25087,0.4472
0.56965,0.38324,0.30113,0.43091,0.069162,0.25603,0.21081,0.042677,2.4631,2.2712,0.26707,0.31375,0.14172,0.037233,2.513,2.5362,0.3235,0.16919,0.28441,0.48558
0.52553,0.3323,0.25815,0.39597,0.024465,0.20952,0.16592,2.3744,2.3793,2.2144,0.23514,0.28565,0.10128,0,2.5006,2.4706,0.2922,0.13216,0.24203,0.44689
0.57159,0.37905,0.3055,0.44948,0.071367,0.24951,0.20852,0.046955,2.3866,2.2478,0.29984,0.34809,0.15032,0.043988,2.5791,2.4962,0.34911,0.19106,0.29069,0.49967
0.55185,0.35165,0.28952,0.441,0.051398,0.22643,0.18898,0.030997,2.3255,2.2139,0.30096,0.34584,0.61466,0.026269,2.5911,2.456,0.34726,0.17896,0.27536,0.48618
0.49888,0.29835,0.23441,0.3967,0,0.16945,0.13441,0,2.2291,2.1412,0.26232,0.30738,0.082237,0,2.5694,2.381,0.30977,0.13466,0.22493,0.4388
0.55263,0.34886,2.9667,0.45785,0.054229,0.22133,2.1216,0.038707,2.2383,2.1739,0.33278,0.37573,0.14162,1.0841,2.6542,2.4132,0.37851,0.1976,0.28241,0.49967
0.50357,0.2984,0.24311,0.41799,0.0086915,0.16971,0.14427,0,2.1473,2.1046,0.29886,0.33888,0.098278,2.827,2.636,2.3422,0.34386,0.15885,0.23739,0.45739
0.55665,0.3452,0.30044,0.47857,0.065776,0.22282,0.19834,0.053757,2.1594,2.1305,0.36847,0.40633,0.15505,1.1738,2.7197,2.3737,0.41017,0.22253,0.29548,0.51701
0.4845,0.27321,0.23099,0.41391,0,0.14857,0.12957,0,2.0405,2.0293,0.31912,0.34527,0.087988,1.1466,2.6766,2.2808,0.35706,0.16414,0.22964,0.45092
0.50662,0.29556,0.25779,0.44393,0.023134,0.16974,0.15583,0.015869,2.0155,2.0236,0.36001,0.38365,0.1132,1.2163,2.7282,2.2808,0.39586,0.19735,0.25779,0.47993
0.43483,0.22152,0.1861,0.37718,0,0.096025,0.083322,0,1.896,1.9178,0.30648,0.32423,0.041502,1.2716,2.6826,2.1852,0.33781,0.13603,0.1897,0.41191
0.47512,0.2612,0.22928,0.4225,0,0.13379,0.12645,0,1.8848,1.9226,0.36187,0.37764,0.087524,1.2812,2.7492,2.2021,0.39324,0.18887,0.23579,0.4593
0.52304,0.30755,0.27842,0.47793,0.054996,0.18449,0.18,0.052337,1.8865,1.9321,0.43143,0.43993,0.14253,1.382,2.8245,2.2277,0.45846,0.25013,0.29109,0.51497
0.4857,0.2655,0.23983,0.44177,0.021244,0.14696,0.14431,0.020125,1.7961,1.8562,0.40948,0.41233,0.10738,1.3954,2.8094,2.1648,0.43669,1.0395,0.25661,0.47963
0.44866,0.22875,0.20556,0.41357,0,0.11063,0.11268,0,1.7088,1.7755,0.38871,0.39062,0.075975,1.4126,2.7961,2.1049,0.41498,0.20535,0.22826,0.44755
0.46636,0.2427,0.22399,0.43761,0.016182,0.12951,0.13388,0.017114,1.6732,1.7501,0.42702,0.41997,0.099522,1.4857,2.8367,2.1012,0.44902,0.23924,0.25592,1.8254
0.41655,0.19524,0.17667,0.39094,0,0.081455,0.09124,0,1.575,1.658,0.39822,0.37958,0.056073,1.493,2.8096,2.0297,0.41899,0.20711,0.21443,0.42962
0.44202,0.21611,0.20157,0.41324,0.0077796,0.10895,0.11898,0.0089219,1.5444,1.6324,0.43872,0.41488,0.082861,1.5728,2.8532,2.0302,0.45684,0.24598,0.24532,0.45921
0.36955,0.14581,0.13549,0.34904,2.5549,0.040969,0.055541,0,1.4213,1.5131,0.38741,0.35558,0.016481,1.5598,2.8021,1.9372,0.40335,0.18933,0.1843,0.39406
0.3794,0.15582,0.14366,0.36224,0,0.052781,0.06836,0,1.3781,1.4709,0.41413,0.37567,0.031425,1.6257,2.8281,1.922,0.42818,0.21318,0.20057,0.40726
0.45017,0.22809,0.217,0.43661,0.043812,0.12393,0.14725,0.044427,1.3955,1.4878,0.50241,0.45363,0.10755,1.7537,2.9145,1.9698,0.5162,0.29832,0.28089,0.48172
0.40821,0.18484,0.17572,0.39666,0.010297,0.083231,0.11019,1.0468,1.2998,1.3916,0.47859,0.4236,0.070872,1.769,2.8865,1.9046,0.4881,0.26994,0.24589,0.44568
0.33541,0.11217,0.10378,0.32745,1.0053,0.017696,0.046743,1.0519,0.15856,1.2632,0.42476,0.36283,0.0069902,1.7569,2.8297,1.8126,0.4352,0.2153,0.18479,0.38019
0.38028,0.15697,0.15065,0.37261,1.1327,0.065878,0.095575,1.1686,0.2134,0.26019,0.48501,0.41105,0.054603,1.8582,2.8847,1.8333,0.49349,0.27278,0.23536,0.42791
0.30534,0.084205,0.079786,0.29814,1.1416,2.933,0.027848,1.1652,0.15392,0.20228,0.42548,0.34439,0,1.8414,2.8202,1.7375,0.43452,0.21122,0.16935,0.35852
0.33065,0.1116,0.10535,0.32478,1.25,0.024781,0.062302,1.2597,0.1889,0.24445,0.46799,0.37758,0.014543,1.9243,2.8541,1.7413,0.47538,0.25494,0.20138,0.38873
0.38415,0.1635,0.15649,0.37892,1.3837,0.079171,0.11972,1.3778,0.25153,0.31065,0.53642,0.43412,0.071469,2.0327,2.9123,1.7698,0.54261,0.3258,0.26031,0.44493
0.32253,0.10101,0.096764,0.31731,1.4017,0.018556,0.064844,1.3786,0.19566,0.26277,0.48725,0.37633,0.013621,2.0258,2.8539,1.6838,0.49406,0.28066,0.20462,0.38478
0.3785,0.15822,0.15534,0.37029,1.5406,0.082248,0.12903,1.4992,0.26691,0.34637,0.559,0.4396,0.07786,2.1403,2.9159,1.7214,0.56502,0.35343,0.27586,0.44313
0.29003,0.077316,0.074331,0.29072,1.5382,0.0052323,0.055109,1.4768,0.19332,0.27994,0.49174,0.36383,0.00092369,2.1138,2.8359,1.6186,0.49616,0.28527,0.19973,0.3658
0.3251,0.11688,0.11323,0.32444,1.6524,0.046112,0.10005,1.5699,0.23987,0.33082,0.54014,0.40425,0.040372,2.2045,2.8724,1.6348,0.54493,0.3342,0.24393,0.40603
0.30614,0.099107,0.093293,0.30605,1.7091,0.031634,0.090455,1.6037,0.22961,0.32505,0.53091,0.38793,0.026114,2.2381,2.8515,1.5948,0.5384,0.32931,0.23018,0.38989
0.22289,0.013609,0.0094085,0.22322,1.7004,0,0.014203,1.5713,0.15361,0.25739,0.45976,0.30665,0,2.2069,2.7652,1.4915,0.46579,0.26256,0.15759,0.30967
0.25981,0.050277,0.047792,0.25629,1.8109,0,0.056922,1.6569,0.19187,0.30831,0.50653,0.34592,0,2.2954,2.7982,1.5095,0.51369,0.31544,0.20282,0.34836
0.31239,0.10623,0.10318,0.30331,1.9359,0.05144,0.11669,1.7554,0.25193,0.37629,0.56877,0.39836,0.045488,2.399,2.8461,1.5426,0.57715,0.38366,0.26465,0.4036
0.24366,0.039257,0.035718,0.23499,1.938,0,0.058396,1.7305,0.19238,0.31969,0.50834,0.33163,1.0105,2.3806,2.7714,1.4585,0.5192,0.32811,0.2062,0.33877
0.29961,0.47183,0.091802,0.29068,2.0629,0.049895,1.3658,1.8266,0.25463,0.38862,0.57182,0.38635,1.1057,2.4854,2.8198,1.4985,0.58399,0.40015,0.27064,0.39726
0.2566,2.9997,0.050688,0.24731,2.0861,0.012693,0.087706,1.8208,0.21837,0.36049,0.53526,0.34508,1.1036,2.4895,2.7678,1.4384,0.55014,0.37072,0.23569,0.35673
0.28809,0.092278,0.086905,0.27996,2.1842,0.051818,0.1296,1.8887,0.25736,0.40281,0.57524,0.37833,1.1787,2.5691,2.7903,1.4547,0.59108,0.4208,0.27826,0.39248
0.23166,0.038741,0.033845,0.2214,2.1921,0.0027147,0.083864,1.8656,0.44671,0.36068,0.524,0.31962,1.1676,2.5593,2.7246,1.3864,0.54335,0.38297,0.23173,0.34207
0.39007,0.072816,0.066592,0.25149,2.2829,0.039614,0.12506,1.9254,0.24616,0.40185,0.55979,0.3506,1.2426,2.6333,2.7416,1.4044,0.58068,0.42803,0.27619,0.37292
0.19348,0.018576,0.010505,0.18832,2.2821,0,0.074738,1.8916,0.19038,0.35455,0.50423,0.29119,1.2294,2.6166,2.6695,1.3343,0.52765,0.38198,0.22578,0.31768
0.20125,0.028544,0.019215,0.19473,2.3443,5.357e-05,0.091064,1.9203,0.20126,0.3716,0.51327,0.29472,1.2829,2.6637,2.6607,1.3289,0.53859,0.40371,0.24186,0.32746
0.23547,0.067264,0.057115,0.22357,2.4324,0.041483,0.13626,1.9751,0.23458,2.8112,0.55072,0.32942,1.3657,2.7376,2.6786,1.3542,0.57785,0.45253,0.28557,0.36542
0.20322,0.037418,0.02693,0.19003,2.4498,0.014645,0.11269,1.9587,0.20677,0.3916,0.51873,0.29757,1.3817,2.7418,2.6279,1.3106,0.5483,0.4366,0.25947,0.3323
0.14645,0,0,0.12953,2.4399,0,0.062951,1.9139,0.15584,0.3418,0.46089,0.23246,1.374,2.7197,2.5523,1.2431,0.4944,0.39184,0.21172,0.27432
0.19709,0.039625,0.028061,0.17916,2.5369,0.021895,0.12651,1.9747,0.21157,0.40209,0.51139,0.28601,1.4762,2.8053,2.5842,1.2888,0.54867,0.45799,0.2726,0.32692
0.15933,0,0,0.1354,2.5358,0,0.093753,1.9382,0.1723,0.36483,0.46953,0.24228,1.4837,2.794,2.5196,1.2403,0.50748,0.42984,0.23875,0.28942
0.19099,0.034632,0.021641,0.16485,2.6049,0.021124,0.13479,1.9723,0.20446,0.40056,0.49894,0.27047,1.5647,2.8538,2.5272,1.2644,0.53887,0.47163,0.27774,0.32277
0.12849,0,0,0.10101,2.5802,0.99272,0.085023,1.9121,0.14536,0.34631,0.4357,0.20361,1.5551,2.821,2.4428,1.2,0.48063,0.42533,0.22762,0.2642
0.15155,0.0027857,0,0.12221,2.6351,1.0831,0.11678,1.9309,0.16948,0.36912,0.45426,0.22126,1.6282,2.8687,2.4401,1.2192,0.50089,0.45859,0.25872,0.28993
0.1901,0.045611,0.03263,0.15524,2.7035,1.1879,0.16499,1.9624,0.20736,0.41281,0.49274,0.25497,1.7181,2.9311,2.4542,1.2543,0.54045,0.51155,0.30693,0.33038
0.16188,0.021086,0.008379,0.12476,2.7018,1.223,0.14592,1.9263,0.17919,0.38672,0.4591,0.22383,1.7409,2.9244,2.4007,1.2229,0.51343,0.49455,0.28696,0.30408
0.1254,0,0,0.089013,2.6891,1.248,0.11804,1.877,0.14343,0.35618,0.41832,2.8233,1.7559,2.9079,2.3372,1.1878,1.5316,0.47153,0.25862,0.26972
0.15705,0.026197,0.01535,0.12018,2.7431,1.3401,0.16047,1.8954,0.17531,0.3918,0.45001,0.21485,1.8407,2.9591,2.3424,1.2235,0.50576,0.51561,0.30138,0.30415
0.12369,0,0,0.08078,2.726,1.3622,0.14025,1.8397,0.14047,0.35801,0.41168,0.17843,1.8573,2.9403,2.2801,1.1925,0.47223,0.49277,0.27782,0.27141
0.14681,0.02124,0.011696,0.10182,2.7612,1.4362,0.17514,1.8405,0.1604,0.37243,0.42887,0.19695,1.9291,2.975,2.2718,1.218,0.49264,0.52607,0.31149,0.29407
0.098757,0,0,0.056069,2.7266,1.4411,0.1381,1.7726,0.11277,0.32807,0.37897,0.1449,1.934,2.9409,2.1966,1.178,0.44578,0.49019,0.2764,0.25003
0.15113,0.033109,1.1102,0.10367,2.785,1.5378,0.19618,1.7927,0.16309,0.37921,0.42401,0.19262,2.0336,2.9998,2.2156,1.2333,0.49389,0.55043,0.33751,0.30111
0.088249,0,1.1238,0.038225,2.7272,1.5195,0.1401,1.6959,0.096599,0.31514,0.35619,0.12525,2.9672,2.9429,2.1217,1.1754,0.42743,0.49541,0.28382,0.23821
0.13351,0.022034,1.246,0.077989,2.7757,1.6064,0.20051,1.7109,0.13827,0.35832,0.39498,0.16208,2.113,2.9932,2.8061,1.2302,0.47009,0.5516,0.33871,0.28712
0.04363,0,1.2318,0,2.6857,1.5535,0.12073,1.5822,0.04657,0.26661,0.29825,0.068667,2.0708,2.9056,2.0134,1.1502,0.37526,0.47001,0.25719,0.19834
0.067468,1.0207,1.3323,0.011977,2.7089,1.6154,0.15504,1.5706,0.069164,0.28651,0.31686,0.089399,2.1433,2.9314,2.0073,1.1865,0.39513,0.50338,0.2893,0.22217
0.12682,1.1437,1.4647,0.069145,2.7608,1.7049,0.22553,1.5857,0.12198,0.34301,0.37072,0.14349,2.2478,2.9879,2.0327,1.257,0.45148,0.56915,0.35561,0.28327
0.076272,1.1547,1.4868,0.016573,2.7021,1.684,0.18508,1.4912,0.068655,0.28549,0.31003,0.08633,2.2421,2.933,1.9488,1.2178,0.39636,0.5246,0.31185,0.23117
0.12265,1.2601,1.6043,0.058757,2.7368,1.754,0.23811,1.4896,0.11334,0.32898,0.34993,0.12684,2.3322,2.9727,1.9628,1.2785,0.43794,0.57595,0.36412,0.27772
0.072416,1.2668,1.6243,0.005213,2.6719,1.7272,0.19717,1.3881,0.056928,0.27489,0.29329,0.07168,2.3251,2.9141,1.8803,1.2438,0.38444,0.53269,0.32,0.22875
0.090577,1.3386,1.7108,0.021742,2.672,1.7625,0.22702,1.3563,0.070894,0.28485,0.30103,0.082359,2.3847,2.9214,1.8651,1.2779,0.39649,0.55504,0.34325,0.24681
0.136,1.4348,1.8234,0.065286,2.6973,1.8242,0.2843,1.344,0.11363,0.32233,0.34032,0.12471,2.4708,2.9613,1.8783,1.3398,0.43776,0.60385,0.39369,0.29225
0.074331,1.423,1.8285,0.0030211,2.6151,1.7752,0.23304,0.21354,0.045728,0.25649,0.27202,0.059025,2.4499,2.8811,1.7852,1.2984,0.37083,0.54688,0.34561,0.23064
0.12011,1.5139,1.9383,0.046844,2.6353,1.8304,0.28676,0.27212,0.089534,0.29654,0.30868,0.10085,2.5343,2.9121,1.7986,1.3642,0.41252,0.59573,0.40218,0.27633
0.072765,1.5078,1.9513,0,2.5584,1.7871,0.2507,0.23193,0.035516,0.24246,0.24959,0.043271,2.5222,2.8464,1.7174,1.3354,0.35912,0.54745,0.35889,0.22853
0.12964,1.6019,2.0651,0.047433,2.5811,1.8443,0.31272,0.29696,0.084069,0.28557,0.29704,0.093509,2.6116,2.8819,1.7392,1.4112,0.40473,0.60251,0.41817,1.5709
0.086427,1.5951,2.0804,0.0032751,2.5033,1.8011,0.27696,0.26323,0.037104,0.2327,0.24722,0.046795,2.6031,2.8189,1.6654,1.3911,0.35731,0.55973,0.38268,0.24045
0.16594,1.7108,2.2182,0.082748,2.5489,1.8802,0.37057,0.35431,0.11368,0.30875,0.32256,0.12344,2.7178,2.8795,1.715,1.497,0.43306,0.64063,0.46908,0.32514
0.12177,1.6951,2.2257,0.034181,2.4637,1.8255,0.331,0.31526,0.061406,0.25548,0.26985,0.071931,2.7028,2.8099,1.6384,1.4756,2.5353,0.59197,2.4892,0.27698
0.055049,1.654,2.2102,0,2.3588,1.7469,0.27299,0.25607,0,0.18019,0.19389,0,2.6656,2.7185,1.54,1.4345,0.30663,0.52264,0.3648,0.21101
0.087652,1.7116,2.2914,0,2.3495,1.765,0.3124,0.29572,0.01788,0.20238,0.21411,0.026338,2.7259,2.7242,1.5425,1.4934,2.5183,0.55139,0.40644,0.2435
0.12225,1.7677,2.3734,0.029401,2.3403,1.7822,0.36182,0.33755,0.048585,0.22384,0.23955,0.05759,2.7878,2.7327,1.5499,1.5565,0.36384,0.58279,0.44946,0.27978
0.11619,1.78,2.4106,0.020999,2.2862,1.7595,0.36448,0.34496,0.036715,0.20717,0.22286,0.046597,2.8058,2.6962,1.5156,1.5785,0.34942,0.57188,0.44928,0.27234
0.06929,1.7448,2.4031,0,2.1879,1.6874,0.32544,0.30413,0,0.14862,0.16589,0,2.78,2.6169,1.4392,1.5593,0.29543,0.51682,0.40343,0.22279
0.11145,1.7953,2.4818,0.0081321,2.1759,1.7001,0.37312,0.35433,0.018415,0.18031,0.19206,0.027777,2.8413,2.6262,1.4545,1.6297,0.3284,0.55229,0.44846,0.26275
0.056039,1.7471,2.4612,0,2.0654,1.6126,0.32348,0.30077,0,0.1131,0.12721,0,2.8042,2.5367,1.3734,1.604,0.26518,0.48791,0.39435,0.20837
0.098515,1.7957,2.5376,0,2.0518,1.6231,0.37191,0.34792,0,0.14821,0.16284,0.0051806,2.8651,2.545,1.3915,1.6787,0.30167,0.52599,0.44133,0.25031
0.14704,1.8418,2.6133,0.033818,2.0392,1.6363,0.42786,0.3982,0.036396,0.18483,0.19926,0.046711,2.9265,2.5554,1.4145,1.7561,0.33896,0.56417,0.49323,0.29507
0.089671,1.7847,2.5844,1.0277,1.9277,1.5405,0.38076,0.34677,0,0.11539,0.13548,0,2.8841,2.4623,1.3348,1.732,0.27666,0.49856,0.44313,0.23855
0.16891,1.8568,2.6851,1.1659,1.9461,1.5739,0.46236,0.42721,0.04781,0.18209,0.20122,0.057855,2.9726,2.5012,1.3888,1.8409,0.34644,0.56859,0.52273,0.31371
0.14223,1.8195,2.6791,1.1977,1.8578,1.5085,0.44136,0.40224,0.015996,0.14535,0.1712,0.025841,2.9553,2.4351,1.3423,1.8463,0.30942,0.53374,0.49838,0.28897
0.09702,1.7625,2.6518,1.2094,1.749,1.4162,0.40461,0.3592,0,0.088755,0.11925,0.55678,2.9179,2.3505,1.2787,1.8337,0.25517,0.4805,0.45628,0.23803
0.15181,1.8007,2.7207,1.3178,1.7374,1.4216,0.46445,0.41381,0.016522,0.13467,0.1626,0.025229,2.9778,2.3638,1.314,1.9205,0.30477,0.52588,0.51213,0.29043
0.083814,1.7105,2.6628,1.2999,1.601,1.2995,0.39946,0.34342,0,0.052419,0.084579,0,2.9121,2.2523,1.2286,1.8838,0.22787,0.44339,0.44307,0.22101
0.10931,1.7175,2.6973,1.375,1.5623,1.2699,0.42954,0.36949,0,0.066705,0.10181,0,2.9399,2.2356,1.2393,1.9424,0.2461,0.45972,0.47132,0.24736
0.13748,1.7224,2.7329,1.4522,1.526,0.22181,0.46677,0.4028,1.0622,0.088683,0.12244,0,2.97,2.2246,1.2553,2.0054,0.26968,0.48037,0.50576,0.27677
0.1833,1.7403,2.7817,1.5421,1.5032,0.27337,0.51807,0.44664,1.1711,0.12456,0.15785,0.039227,3.0145,2.2276,1.2854,2.0846,0.30844,0.51815,0.55291,0.3211
0.16556,1.6879,2.7602,1.5626,1.416,0.26039,0.50236,0.42474,1.2128,0.090906,0.13035,0.013481,2.9898,2.1642,1.2543,2.0964,0.27907,0.48715,0.53432,0.30115
0.12763,1.6145,2.7151,1.5585,1.305,0.22498,0.46364,0.37941,1.233,0.039132,1.8172,0,2.9419,2.0777,1.2022,2.0867,0.22902,0.43453,0.49128,0.25681
0.19644,1.6435,2.7755,1.6598,1.2992,0.29381,0.5323,0.44279,1.3608,0.094327,0.13601,1.0544,2.9997,2.0993,1.2595,2.1845,0.28699,0.49054,0.55709,0.32522
0.15021,1.5596,2.7222,1.6468,0.18312,0.2534,0.49043,0.38977,1.3772,0.039872,0.08421,1.0699,2.9448,2.0087,1.2072,2.1711,0.23393,0.43359,0.51135,0.28156
0.21469,1.5798,2.776,1.7403,0.24701,0.32392,0.55682,0.45136,1.5029,0.092347,0.14024,1.1931,2.9976,2.0295,1.2659,2.267,0.29368,0.48574,0.57608,0.35149
0.15473,1.4746,2.7003,1.7053,0.18754,0.26488,0.49706,0.38399,1.5016,0.019284,0.068245,1.1881,2.9221,1.9228,1.1986,2.236,0.22181,0.41182,0.51405,0.28705
0.21044,1.4822,2.7392,1.7828,0.24178,0.32397,0.55264,0.43211,1.9161,0.064219,0.11354,1.2968,2.9612,1.931,1.248,2.3209,0.26842,0.45594,0.56865,0.34294
0.19461,1.4133,2.7016,1.7853,0.2214,0.30794,0.53343,0.40783,1.6565,0.03561,0.089324,1.3304,2.9252,1.8678,1.2281,2.3321,0.24402,0.42222,0.54736,0.32472
0.2701,1.4339,2.7546,1.8758,0.29278,0.3858,0.61123,0.47588,1.7898,0.1011,0.15634,1.4552,2.9813,1.8979,1.3039,2.4365,0.31038,0.48591,0.62018,0.39807
0.23748,1.3447,2.6978,1.858,0.2578,0.35536,0.57786,0.43046,1.8138,0.05579,0.11463,1.4693,2.9274,1.8195,1.2717,2.8439,0.27085,0.44075,0.58363,0.36362
0.20114,1.2499,2.6287,1.8249,0.21283,0.3158,0.53248,0.38324,1.8277,0.0048642,0.066535,1.4719,2.8635,1.7339,1.2325,2.4176,0.22077,0.3877,0.54031,0.32049
0.25165,0.24752,2.6478,1.8823,0.25619,0.36263,0.58035,0.42273,1.9303,0.043804,0.10472,1.5618,2.8882,1.7371,1.2841,2.4925,0.26082,0.42442,0.58431,0.36672
0.24706,0.245,2.6098,1.8815,0.2496,0.35888,0.57305,0.40886,1.9792,0.030265,0.093731,1.5963,2.8592,1.6896,1.2837,2.5142,0.24869,0.40747,0.57598,0.3601
0.19086,0.1939,2.5193,1.8271,0.18542,0.30289,0.51437,0.34199,1.9754,0,0.030808,1.5768,2.7775,1.5902,1.235,2.4837,0.18369,0.33586,0.51467,0.30203
0.24068,0.24745,2.5298,1.8735,0.22811,0.35204,0.55899,0.37798,2.074,0.0033118,0.06926,1.659,2.7979,1.5951,1.2917,2.5563,0.22044,0.37179,0.55859,0.34778
1.7496,0.286,2.5271,1.9026,0.25827,0.39283,0.58904,0.40186,2.1581,0.02919,0.096677,1.7251,2.8044,1.5886,1.3364,2.615,0.25399,0.39545,0.58881,0.38031
0.23578,0.24282,2.444,1.8524,0.20774,0.34738,0.54024,0.34326,2.1617,0,0.049879,1.71,2.7314,1.502,1.3034,2.5939,0.2037,0.33995,0.53832,0.34217
0.28549,0.29455,2.4462,1.8871,0.24687,0.39243,0.57926,0.37937,2.2533,0.013683,0.088061,1.7812,2.7455,1.5072,1.3622,2.6615,0.2413,0.37309,0.57806,0.39004
0.22816,0.23344,2.3378,1.8123,0.18001,0.33221,0.5107,0.30211,2.2355,0,0.019485,1.7424,2.652,1.4058,1.3144,2.6205,0.17232,0.29999,0.50939,0.32677
0.28954,0.29185,2.344,1.8489,0.22698,0.38487,0.5562,0.34635,2.3312,0,0.068687,1.8151,2.6721,1.423,1.3836,2.6939,0.22429,0.34173,0.55542,0.38141
0.3415,0.34335,2.3435,1.8779,0.26816,0.43143,0.59784,0.37905,2.4207,0.03133,0.11062,1.8821,2.6874,1.4367,1.4497,2.7619,0.26805,0.37709,0.59726,0.42928
0.32853,0.32646,2.2736,1.8348,0.24523,0.41344,0.56982,0.34875,2.4409,0.0062943,0.090173,1.8774,2.6342,1.383,1.4502,2.7615,0.24376,0.34997,0.57182,0.41081
0.38377,0.37871,2.2713,1.8642,0.28549,0.46311,0.61113,0.3869,2.529,0.050983,0.13773,1.9409,2.6501,1.3995,1.5217,2.8299,0.29259,0.3879,0.6151,0.4608
0.35862,0.3537,2.187,1.8078,0.25226,0.4346,0.57388,0.348,2.5356,0.01661,0.10362,2.0094,2.5856,1.3394,1.5154,2.8179,0.26018,0.34825,0.57934,0.43664
0.33654,0.32914,2.1085,1.7501,0.22107,0.40459,0.53803,0.30561,2.5422,0,0.072704,1.9019,2.5225,1.282,1.5126,2.8068,0.22883,0.31219,0.54472,0.41529
0.37879,0.37002,2.0943,1.7548,0.25386,0.44265,0.56617,0.33454,2.6121,0.018768,0.1098,1.9446,2.5236,1.2901,1.5768,2.86,0.26447,0.34085,0.57616,0.45729
0.33441,0.3249,1.9839,1.672,0.19006,0.38867,0.50387,0.26831,2.5882,1.0038,0.054978,1.8933,2.434,1.2108,1.5507,2.8206,0.20898,0.28065,0.51473,0.40493
0.40705,0.39379,1.9907,1.7024,0.24344,0.45225,0.55959,0.32032,2.6808,1.1322,0.12043,1.9574,2.461,1.2517,1.6451,2.8987,0.27514,0.33858,0.57358,0.47395
0.35301,0.33737,1.8685,1.5986,0.17652,0.3896,0.48921,0.24995,2.6435,1.1314,0.058841,1.8903,2.3617,1.1655,1.613,2.8481,0.2119,0.2692,0.5033,0.4132
0.42266,0.40438,1.8698,1.6226,0.23697,0.45112,0.54149,0.30391,2.7302,1.2552,0.12196,1.9481,2.3871,1.2082,1.7081,2.9225,0.27489,0.32683,0.56141,0.48192
0.39624,0.37693,1.7756,1.5456,0.19925,0.41542,0.50127,0.26162,2.7183,1.2815,0.090411,1.907,2.3174,1.1564,1.7081,2.8996,0.24443,0.28733,0.5225,0.45633
0.43825,0.40997,1.7473,1.5285,0.22437,0.44272,0.52001,0.27522,2.767,1.3686,0.12224,1.9256,2.3093,1.1668,1.7721,2.9385,0.27809,0.30781,0.54673,0.49076
0.39984,0.37128,1.6443,1.4385,0.17773,0.39798,0.4683,0.21998,2.7396,1.3805,0.079535,1.8675,2.2266,1.1064,1.7631,2.9023,0.23584,0.26024,0.49674,0.45272
0.46523,0.43148,1.6374,1.4505,0.22874,0.45345,0.51875,0.2676,2.8102,1.4907,0.14544,1.9065,2.2462,1.1504,1.8556,2.9656,0.295,0.3145,0.54883,0.51481
2.1692,0.35368,1.494,1.3168,0.14,0.36926,0.42809,0.17868,2.7392,1.4597,0.069575,1.8073,2.1249,1.0572,1.8095,2.8883,0.21715,0.2286,0.46123,0.43812
0.41989,0.37767,1.45,1.2809,0.15459,0.38133,0.43671,0.18717,2.766,1.5269,0.091749,1.8031,2.1044,1.0659,1.8645,2.9102,0.23789,0.24268,0.47196,0.46336
0.46733,0.42049,1.4228,1.2618,0.18688,0.41837,0.46194,0.21677,2.8095,1.6111,0.133,1.8144,2.1028,1.0946,1.9392,2.9499,0.27794,0.27692,0.50393,0.50712
0.51139,0.45661,2.7583,0.26013,0.21376,0.44874,0.48907,0.24354,2.8465,1.689,0.17056,1.8196,2.0984,1.1224,2.0106,2.9844,0.31651,0.30618,0.53222,0.54551
0.46211,0.40159,1.2726,0.21178,0.15107,0.38946,0.42193,0.17514,2.7902,1.674,0.11704,1.7357,2.0026,1.0608,1.9916,2.9268,0.2629,0.24747,0.47143,0.49674
0.53382,0.46449,1.2693,0.28245,0.20408,0.4429,0.4743,0.22871,2.8483,1.7734,0.18692,1.7656,2.0238,1.1172,2.0901,2.9851,0.32768,0.30707,0.52656,0.56296
0.46751,0.39293,0.16875,0.22035,0.12629,0.36857,0.39386,0.14807,2.7706,1.7367,0.12161,1.655,1.9132,1.0415,2.0555,2.9085,0.25855,0.23116,0.44678,0.49646
0.54796,0.46636,0.24499,0.30099,0.19066,0.43361,0.45393,0.2093,2.835,1.8417,0.19541,1.689,1.9459,1.1142,2.1647,2.9743,0.33312,0.29871,0.51362,0.5722
0.53159,0.44144,0.22574,0.28701,0.16116,0.40255,0.42187,0.1749,2.8016,1.8478,0.18133,1.6246,1.8825,1.0924,2.1783,2.943,0.31261,0.27391,0.48285,0.55283
0.52053,0.42423,0.21024,0.27673,0.13826,0.37793,0.39487,0.14763,2.7718,1.8575,0.16971,1.5605,1.8268,1.0786,2.1975,2.916,0.29817,0.25285,0.46002,0.54198
0.55277,0.44786,0.23682,0.31166,0.15422,0.39957,0.41201,0.16804,2.7838,1.9084,0.20077,1.5449,1.8137,1.1107,2.2607,2.9316,0.33416,0.27383,0.48151,2.9247
0.5301,0.41979,0.2106,0.29142,0.1211,0.35806,0.37366,0.13156,2.7387,1.9006,0.17942,1.4666,1.746,1.0887,2.2686,2.8907,0.31733,0.24313,0.44204,0.54993
0.57536,0.45317,0.25061,0.3338,0.1483,0.38771,0.39701,0.15725,2.7548,1.9554,0.22187,1.4511,1.7446,1.1328,2.3407,2.9129,0.35682,0.27631,0.47289,0.58845
0.54378,0.40961,0.21631,0.30431,0.1078,0.3432,0.35255,0.11474,2.6972,1.9329,0.19533,1.3616,1.6731,1.1048,2.3396,2.8608,0.32462,0.24163,0.43071,0.55602
0.60908,0.46932,0.2805,0.37188,0.16127,0.39458,0.40734,0.16572,2.7337,2.0068,0.26352,1.369,1.6984,1.1772,2.4357,2.9051,0.39052,0.30158,0.48504,0.62035
0.57335,0.42669,0.2379,0.34001,0.10852,0.34506,0.35388,0.11342,2.6652,1.9747,0.22697,1.2689,1.6209,1.1491,2.4284,2.8452,0.35515,0.2621,0.4379,0.58066
0.5623,0.40765,0.22844,0.33765,0.089007,2.2347,0.32674,0.094201,2.6236,1.9663,0.22061,0.21349,1.5704,1.1494,2.4474,2.8114,0.34411,0.24425,0.41769,0.5708
0.59907,0.43777,0.26612,0.37972,0.11794,0.34581,0.34846,0.12253,2.6263,2.0029,0.26543,0.25711,1.5705,1.2008,2.5149,2.8258,0.38218,0.27675,0.44084,0.60828
0.58089,0.41172,0.24469,0.36209,0.089608,0.3163,0.3178,0.091579,2.5702,1.9807,0.24722,0.24439,1.5135,1.1953,2.5245,2.782,0.36282,0.25194,0.41237,0.58747
0.6366,0.45795,0.29581,0.42018,0.13333,0.36349,0.36386,0.13475,2.5877,2.0313,0.31062,0.30638,1.5347,1.2678,2.6096,2.8134,0.42826,0.30536,0.46036,0.64259
0.58053,0.39304,0.23864,0.36697,0.070158,0.29237,0.29724,0.072151,2.4946,1.9667,0.26254,0.25891,1.4429,1.2318,2.5824,2.7318,0.37834,0.2477,0.3971,0.58579
0.64239,0.44924,0.29913,0.43459,0.12455,0.34368,0.35081,0.12787,2.5172,2.0204,0.33348,0.32704,1.4726,1.3156,2.6734,2.7688,0.44373,0.31,0.45122,0.64928
0.59361,0.39565,0.24933,0.39603,0.0704,0.28307,0.2931,0.073921,2.4266,1.9596,0.29319,0.28736,1.3952,1.2901,2.6531,2.6945,0.39875,0.25789,0.39727,0.60016
0.53841,0.32969,0.1952,0.34627,0.0083054,0.22141,0.22965,0.013997,2.329,1.8914,0.25009,0.24146,1.314,1.2623,2.6268,2.6136,0.35247,0.2037,0.3371,0.54691
0.56154,0.34742,0.21814,0.37578,0.027474,0.23748,0.24662,0.031772,2.3075,1.8967,0.28234,0.27373,1.3098,1.3135,2.6778,2.6113,0.38196,0.22888,0.35494,0.57062
0.62504,0.4052,0.28096,0.44498,0.0871,0.29299,0.30127,0.091355,2.3245,1.9429,0.35485,0.34458,1.3455,1.4064,2.7683,2.6471,0.45297,0.29389,0.41489,0.63441
0.59528,0.371,0.25582,0.42498,0.056511,0.26133,0.26861,0.060278,2.2528,1.8934,0.66311,0.32633,1.2945,1.4112,2.7677,2.5938,0.43572,0.27374,0.38575,0.60763
0.52725,0.29977,0.19005,0.36333,0,0.18481,0.195,0,2.1394,1.8031,0.2812,0.27933,1.2063,1.377,2.7256,2.4985,0.37792,0.20906,0.31577,0.54056
0.55845,0.32637,0.22325,0.40305,0.017344,0.21161,0.22258,0.02225,2.1242,1.8073,0.32956,0.32192,1.2197,1.4442,2.7828,2.5021,0.4224,0.2425,0.34292,0.57435
0.60631,0.36977,0.27258,0.45879,0.06492,0.25614,0.26552,0.070839,2.1228,1.8326,0.3958,0.38167,1.2531,1.5301,2.8559,2.5235,0.48031,0.29634,0.39287,0.62408
0.55064,0.31479,0.21257,0.41096,0.011426,0.19564,0.20849,0.017592,2.0182,1.7479,0.35506,0.33855,1.1844,1.5152,2.8257,2.4422,0.43922,0.24989,0.33772,0.57107
0.59811,0.35671,0.26387,0.46468,0.060322,0.23832,0.25558,0.067878,2.0135,1.7616,0.41403,0.39708,1.217,1.6036,2.8963,2.4625,0.49775,0.30505,0.382,0.62032
0.5547,0.3115,0.22442,0.42913,0.018622,0.1936,0.21244,0.026841,1.917,1.6871,0.38786,0.37096,1.1627,1.6033,2.8753,2.3908,0.46642,0.27227,0.34073,0.57939
0.5066,0.25847,0.18272,0.38841,0,0.14372,0.15965,0,1.8225,1.6022,0.35784,0.33693,1.1047,1.6004,2.8496,2.3165,0.43319,0.2352,0.29658,0.5355
0.52891,0.28,0.20782,0.42052,0,0.16494,0.18245,0.010039,1.7945,1.59,0.39435,0.37098,1.1207,1.6675,2.8917,2.3103,0.47042,0.26528,0.32093,0.55921
0.56301,0.31339,0.24544,0.45966,0.039356,0.19636,0.21725,0.048754,1.7755,1.5848,0.44854,0.41849,1.1508,1.7483,2.9454,2.3162,0.51954,0.31201,0.35924,0.59812
0.51395,0.26518,0.19907,0.41974,0,0.14807,0.16743,0.0046643,1.671,1.4933,0.41949,0.38165,1.0978,1.7459,2.914,2.2389,0.48351,0.27288,0.31281,0.55021
0.55345,0.30145,0.24276,0.46428,0.038767,0.18322,0.209,0.049721,1.6562,1.4878,0.47338,0.43309,1.1357,1.8319,2.9689,2.2495,0.53765,0.32139,0.35523,0.5912
0.48482,0.23661,0.17844,0.40176,0,0.11822,0.14694,0,1.5374,1.3812,0.42352,0.38154,1.071,1.8148,2.9187,2.1563,0.48797,0.26898,0.29492,0.52975
0.52458,0.27274,0.22262,0.44918,0.025384,0.15655,0.18835,0.036538,1.5264,1.3722,0.48198,0.43274,0.087868,1.9024,2.9713,2.1668,0.54068,0.319,0.34111,0.57012
0.45183,0.20094,0.15278,0.38511,0.98996,0.087077,0.12001,0,1.3974,1.2478,0.42821,0.37589,0.02148,1.8788,2.9108,2.0659,0.48332,0.25778,0.27097,0.50085
0.47131,0.21639,0.1721,0.40874,1.086,0.10763,0.14255,0,1.3593,0.20129,0.46487,0.40484,0.04525,1.9461,2.9396,2.055,0.51761,0.28862,0.29452,0.52195
0.4922,0.23741,0.19618,0.43507,1.1864,0.12897,0.16665,0.025608,1.3296,0.23973,0.50254,0.43912,0.070441,2.0177,2.9709,2.5761,0.55422,0.32194,0.32214,0.54709
0.4534,0.20001,0.16162,0.40001,1.2261,0.088257,0.13168,1.049,1.2358,0.22112,0.48334,0.40989,0.038982,2.0286,2.9399,1.982,0.52901,0.29464,0.28872,0.51035
0.51493,0.25962,0.22461,0.46369,1.3644,0.15222,0.19733,1.1825,0.25194,0.29846,0.5614,0.48027,1.1361,2.1381,3.006,2.0136,0.60746,0.36668,0.35705,0.57517
0.48699,0.23565,0.19905,0.44407,1.417,0.13074,0.17797,1.2285,0.2389,0.29105,0.55199,0.46542,1.1244,2.1622,2.9851,1.9606,0.59567,0.35346,0.33462,0.55224
0.46014,0.20547,0.17923,0.42152,1.4703,0.10938,0.1588,1.2739,0.22706,0.28342,0.54375,0.44955,1.1142,2.1871,2.9637,1.9078,0.58599,0.35148,0.31635,0.53273
0.39571,0.14206,0.11807,0.36085,1.4822,0.047507,0.09852,1.2767,0.17712,0.23548,0.49381,0.3948,1.0653,2.1708,2.8998,1.8154,0.5356,0.3006,0.25755,0.46699
0.4202,0.16793,0.14449,0.38918,1.5824,0.074865,0.12818,1.3658,0.21148,0.28429,0.53544,0.42944,1.1072,2.2432,2.9232,1.8114,0.57504,0.34318,0.28828,0.49494
0.39453,0.14374,0.12252,0.36651,1.6338,0.053766,0.10776,1.4051,0.20312,0.27953,0.52912,0.41296,1.1019,2.2671,2.8971,1.7611,0.5648,0.33249,0.27103,0.47418
0.40858,0.15722,0.13501,0.37652,1.7211,0.066203,0.12627,1.4783,0.22502,0.31134,0.55847,0.43441,1.134,2.3273,2.9061,1.7478,0.59228,0.35879,1.1508,0.48957
0.32836,0.078493,0.059037,0.2998,1.7152,0,0.053031,1.4571,0.15778,0.2502,0.49213,0.35971,1.0763,2.2947,2.8215,1.6422,0.5258,0.29266,0.21668,0.41122
0.36818,0.12631,0.10819,0.34576,1.8325,0.041386,0.10518,1.5577,0.21525,0.31208,0.55281,0.41259,1.1455,2.3858,2.8596,1.6631,0.58435,0.34791,0.27106,0.45702
0.41415,0.17035,0.15509,0.3919,1.9476,0.089909,0.15702,1.6549,0.27217,0.37276,0.61129,0.46531,1.2145,2.4752,2.8952,1.6823,0.64121,0.40448,0.32315,0.50491
0.34821,0.10731,0.089951,0.32572,1.9529,0.029618,0.099382,1.641,0.21849,0.32291,0.56076,0.40631,1.1778,2.4554,2.821,1.5922,0.58933,0.35248,0.26578,0.44383
0.38184,0.13709,0.12719,0.36282,2.0543,0.068295,0.14055,1.7216,0.26251,0.36893,0.60659,0.44263,1.2391,2.5322,2.8427,1.6014,0.63635,0.40594,0.30943,0.48036
0.35018,0.10782,0.098188,0.32717,2.0885,0.04011,0.11514,1.7337,0.23444,0.35648,0.58671,0.41345,1.2348,2.5425,2.7978,1.5456,0.61583,0.38928,0.28329,0.44948
0.30198,0.064228,0.051642,0.2791,2.1053,0,0.073969,1.7273,0.19568,0.3252,0.5497,0.36726,1.2183,2.5362,2.7364,1.4757,0.5793,0.35709,0.24415,0.40253
0.38811,0.15469,0.14269,0.36889,2.2568,2.1123,0.16772,1.8555,0.29394,0.42739,0.64987,0.4618,1.3394,2.6653,2.8103,1.5428,0.67864,0.45859,0.34056,0.49451
0.35183,0.12486,0.11187,0.33854,2.2857,0.063554,0.14562,1.8588,0.27054,0.412,0.62787,0.43002,1.3403,2.6726,2.7624,1.4891,0.65615,0.44276,0.3126,0.46455
0.30496,0.086898,0.073716,0.29822,2.3043,0.028707,0.11343,1.8518,0.23949,0.38689,0.59628,0.3945,1.3347,2.6704,2.7053,1.4279,0.62665,0.41687,0.28227,0.42399
0.25771,0.038364,0.028555,0.24751,2.3135,0,0.073817,2.3244,0.19988,0.35031,0.55761,0.35154,1.3232,2.6596,2.6392,1.3612,0.58783,0.38612,0.24254,0.37902
0.29163,0.073433,0.064489,0.28177,2.4013,0.025974,0.11497,1.8939,0.24052,0.39457,0.59834,0.38343,1.3929,2.7284,2.6532,1.377,0.62896,0.43366,0.28462,0.41565
0.24462,0.030361,0.01954,0.23096,2.4073,0,0.077751,1.8706,0.2028,0.36635,0.55853,0.33921,1.3851,2.7163,2.5871,1.315,0.59094,0.40226,0.24646,0.37248
0.29522,0.082957,0.072357,0.27736,2.5064,0.040599,0.13741,1.9404,0.26279,0.4279,0.61379,0.38884,1.4732,2.7981,2.6149,1.349,0.64649,0.46449,0.30756,0.42436
0.24023,0.032241,0.021971,0.22105,2.5003,0,0.092108,1.9036,0.21356,0.38525,0.5662,0.33291,1.4598,2.7759,2.5392,1.2824,0.59948,0.42691,0.26208,0.37063
0.25637,0.05168,0.040965,0.23762,2.5611,0.015167,0.1174,1.9338,0.23004,0.41537,0.58629,0.34992,1.5171,2.8216,2.5312,1.2831,0.62055,0.45607,0.28203,0.38737
0.21687,0.01786,0.0041516,0.19937,2.5655,0,0.086183,1.9077,0.19648,0.38642,0.55208,0.31494,1.5215,2.8118,2.47,1.231,0.58688,0.43407,0.25303,0.3528
0.25147,0.054782,0.042236,1.7841,2.639,1.0578,0.12697,1.9487,0.23779,0.43188,0.58837,0.34245,1.5985,2.8723,2.4784,1.2544,0.6255,0.48322,0.29739,0.38948
0.21182,0.018227,0.006137,0.19007,2.6367,1.0905,0.096718,1.9141,0.2039,0.39891,0.55125,0.3062,1.6036,2.858,2.4128,1.2057,0.59016,0.4578,0.26994,0.35251
0.225,0.035191,0.021767,0.20273,2.6836,1.1732,0.11872,1.9284,0.22361,0.42131,0.73918,0.31887,1.6613,2.8941,2.3996,1.2108,0.60639,0.48461,0.29104,0.36877
0.17714,0,0,0.15613,2.6686,1.1944,0.084169,1.8798,0.18122,0.38647,0.52042,0.27238,1.6604,2.8693,2.3257,1.1575,0.56259,0.45167,0.25454,0.32449
0.21045,0.026047,0.012256,0.18253,2.7264,1.2898,0.12499,1.9038,0.21385,0.42636,0.54994,0.29961,1.7356,2.9185,2.3278,2.9836,0.59334,0.49585,0.29215,0.35576
0.2459,0.065136,0.05157,0.2162,2.7873,1.3885,0.17208,1.9335,0.25454,0.46698,0.58616,0.32994,1.8171,2.972,2.334,1.2117,0.63122,2.5967,0.3394,0.39201
0.18364,0.0066668,0,0.14822,2.7464,1.3863,0.12085,1.8591,0.1921,0.40973,0.52,0.26202,1.8,2.9249,2.241,1.1453,0.56882,0.49514,0.28454,0.33346
0.20931,0.038691,0.023884,0.17471,2.7939,1.4726,0.158,1.8725,0.22429,0.44502,0.54798,0.288,1.8745,2.9674,2.2389,1.1711,0.59958,0.53736,0.3228,0.36447
0.15702,0,0,0.12365,2.7581,1.476,0.11626,1.8014,0.17115,0.39597,0.49527,0.23506,1.8688,2.9277,2.1569,1.1182,0.54787,0.49778,0.27896,0.31149
0.18903,0.025944,0.01115,0.15162,2.8022,1.5599,0.15649,1.8155,0.20533,0.43311,0.5237,0.26227,1.9461,2.9692,2.1582,1.1478,0.57868,0.54274,0.31905,0.34453
0.1559,0,1.0735,0.112,2.7795,1.5774,0.13108,1.7585,0.17292,0.40671,0.48534,0.2285,1.9596,2.945,2.0935,1.1165,0.5465,0.52076,0.29434,0.31096
0.20637,0.05233,1.1991,0.16443,2.8377,1.676,0.19476,1.7818,0.22244,0.46124,0.53434,0.27557,2.0569,3.003,2.1136,1.1722,0.59656,0.5853,0.35482,0.3644
0.17235,0.021477,1.2386,0.12924,2.8062,1.685,0.17215,1.7201,0.18576,0.42709,0.49775,0.23497,2.0674,2.9725,2.0458,1.1425,0.56159,0.56152,0.32669,0.33394
0.15582,1.076,1.2944,0.10985,2.7883,1.7074,0.16249,1.6681,0.16771,0.40843,0.47403,0.21311,2.0942,2.9567,1.9951,1.1302,0.54234,0.55478,0.31622,0.31769
0.19476,1.183,1.4064,0.14603,2.8239,1.7845,0.21185,1.672,0.20491,0.4459,0.50897,0.24779,2.1774,2.9958,2.0003,1.1763,0.57901,0.60515,0.36584,0.35619
0.15237,1.2074,1.4382,0.1023,2.7768,1.7777,0.18127,1.5942,0.16489,0.39835,0.46142,0.20276,2.1804,2.9532,1.9257,1.1431,0.53502,0.57313,0.34103,0.31427
0.11066,1.2337,1.4734,0.05731,2.7312,1.7719,0.15439,1.5171,0.1225,0.36332,0.41962,0.16419,2.1871,2.9131,1.8559,1.1162,0.49723,0.54556,0.31353,0.27886
0.15313,1.3348,1.5839,0.095471,2.7596,1.8401,0.20389,1.5131,0.16129,0.40497,0.83741,0.19475,2.2694,2.9472,1.8625,1.167,0.53356,0.59589,0.35964,0.32076
0.107,1.3477,1.6083,0.048971,2.7007,1.819,0.16685,1.4198,0.11201,0.35671,0.40377,0.14418,2.2658,2.8942,1.7859,1.1337,0.4852,1.8608,0.32248,0.2759
0.16309,1.46,1.7334,0.10278,2.7409,1.8972,0.23211,1.4313,0.16739,0.41109,0.45391,0.19523,2.3632,2.9412,1.8094,1.2022,0.53615,0.62323,0.38905,0.33238
0.11272,1.4624,1.7499,0.049655,2.6704,1.8638,0.1939,1.328,0.11193,0.35865,0.39568,0.13842,2.3526,2.8791,1.7255,1.1655,0.48226,0.58176,0.34449,0.2801
0.15521,1.5558,1.8592,0.090444,2.6928,1.922,0.2474,1.3177,0.14925,0.39492,0.43086,0.17841,2.435,2.9092,1.7357,1.2248,0.52239,0.63183,0.39406,0.32301
0.11557,1.5633,1.8836,0.046843,2.6276,1.8924,0.21717,1.2241,0.10715,0.35169,0.38567,0.12704,2.4332,2.8541,1.6629,1.2024,0.47967,0.59941,0.35946,0.74433
0.16153,1.657,1.9955,0.093681,2.6504,1.9503,0.27596,0.25004,0.15129,0.39488,0.42632,0.17249,2.5194,2.8863,1.6786,1.2699,0.5191,0.65401,0.41583,0.33111
0.11429,1.6519,2.01,0.042828,2.5741,1.9079,0.23844,0.21426,0.10022,0.34275,0.37186,0.12126,2.5087,2.8211,1.5999,1.2424,0.46884,0.61355,0.38079,0.28779
0.15198,1.7295,2.1087,0.079303,2.5809,1.9481,0.28984,0.26518,0.13553,0.37627,0.3959,0.15548,2.5829,2.8402,1.6091,1.3025,0.50334,0.65859,0.42852,0.32716
0.12271,1.7325,2.1338,0.044414,2.5157,1.9131,0.26534,0.24262,0.095398,0.33456,0.35713,0.11515,2.5842,2.7927,1.5466,1.2909,0.46681,0.6303,0.4006,0.29405
0.072262,1.7178,2.1417,0,2.4313,1.8605,0.22494,0.2032,0.044361,0.28056,0.30379,0.06081,2.569,2.715,1.4683,1.267,0.41355,0.58659,0.35798,0.24517
0.13125,1.807,2.2549,0.049986,2.4514,1.9146,0.29751,0.27372,0.099551,0.32795,0.35558,0.1115,2.6599,2.7506,1.4995,1.3512,0.46863,0.64998,0.42714,0.30461
0.071199,1.7707,2.2446,0,2.3481,1.8404,0.24611,0.22241,0.032069,0.25993,0.28602,0.045606,2.628,2.6634,1.4077,1.3142,0.39949,0.59133,0.37121,0.2423
0.12042,1.8439,2.3429,0.031282,2.3561,1.8745,0.30192,0.27954,0.074682,0.30236,0.32637,0.089669,2.7056,2.6859,1.4292,1.3893,0.44392,0.64219,0.42691,0.29539
0.070994,1.8125,2.3395,0,2.2613,1.8061,0.26123,0.23776,0.018063,0.24462,0.26862,0.033976,2.6824,2.6078,1.3519,1.367,0.38418,0.59276,0.38304,0.24436
0.13572,1.8964,2.4505,0.04239,2.2802,1.8505,0.33614,0.31142,0.079739,0.30172,0.3261,0.095572,2.7744,2.6454,1.3925,1.4615,0.44385,0.65985,0.45419,0.31289
0.10679,1.879,2.4624,0.010027,2.2007,1.7978,0.31345,0.28662,0.044408,0.26453,0.2868,0.05936,2.7684,2.5857,1.3382,1.4607,0.40687,0.62878,0.43409,0.28346
0.14146,1.9244,2.5368,0.042196,2.1829,1.8077,0.35811,0.32849,0.073455,0.2878,0.31294,0.087537,2.8257,2.5886,1.8326,1.5256,0.43714,0.66257,0.47349,0.3149
0.090945,1.8779,2.5216,0,2.0765,1.7231,0.31669,0.29099,0.015321,0.22645,0.25076,0.030748,2.7945,2.5049,1.2725,1.5048,0.37926,0.60805,0.4287,0.26189
0.13859,1.9308,2.6045,0.033488,2.0753,1.7387,0.3755,0.3521,0.057637,0.26743,0.2898,0.073212,2.8624,2.52,1.297,1.5855,0.42188,0.65349,0.48212,0.30589
0.11447,1.9072,2.612,0.0071633,1.9955,1.6816,0.35886,0.33409,0.028331,2.3492,0.25861,0.043165,2.8561,2.4623,1.2531,1.5943,0.39155,0.6255,0.4653,0.28624
0.12077,1.9122,2.6494,1.1024,1.9477,1.6505,0.37331,0.3463,0.031795,0.22723,0.25347,0.046124,2.8806,2.4356,1.2425,1.6366,0.39452,0.62979,0.47766,0.29422
0.04123,1.8278,2.5965,1.0855,1.809,1.5296,0.30499,0.2709,0,0.13949,0.16699,0,2.816,2.3206,1.1458,1.5925,0.30494,0.54625,0.40669,0.21682
0.09992,1.8768,2.6781,1.2033,1.8059,1.5453,0.3713,0.33583,0,0.18694,0.21735,0.015583,2.887,2.3427,1.1875,1.6863,0.35294,0.59825,0.4691,0.27467
0.16021,1.922,2.7551,1.3177,1.8033,1.5556,0.43582,0.39867,0.050643,0.23441,0.26273,0.066462,2.9546,2.3626,2.2724,1.7788,0.40369,0.64892,0.53308,0.33371
0.1132,1.8568,2.7231,1.3233,1.6934,1.458,0.3964,0.3551,0,0.17263,0.20461,0.011295,2.9143,2.2754,1.1656,1.7656,0.34762,0.59407,0.48763,0.28451
0.17904,1.9018,2.8013,1.4397,1.6954,1.4707,0.46794,0.42085,0.054954,0.22737,0.25894,0.071067,2.9854,2.3001,1.2161,1.8657,0.40624,0.65082,0.55534,0.34749
0.13851,1.8367,2.7705,1.4481,1.5864,1.3752,0.43136,0.38997,0.0075848,0.17647,0.2057,0.02317,2.9487,2.2194,1.1626,1.8601,0.3601,0.60248,0.51975,0.30763
0.19551,1.8693,2.8335,1.5505,1.5785,1.3759,0.49532,0.44917,0.057416,0.21549,0.25039,0.073847,3.007,2.2354,1.2066,1.9515,0.40805,0.6486,0.5784,0.36162
0.14481,1.791,2.7886,1.5449,1.4623,1.268,0.45469,0.40036,0.0023886,0.1531,0.19329,0.018246,2.9586,2.1444,1.1469,1.938,0.34977,0.59016,0.53081,0.3123
0.19731,1.8113,2.8428,1.6394,1.4486,0.24,0.51258,0.45269,1.1416,0.1983,0.23531,0.066493,3.0106,2.1565,1.1889,2.0267,0.3952,0.63331,0.5865,0.36286
0.13194,1.7109,2.7767,1.6138,1.3172,0.1818,0.45716,0.39087,1.1406,0.1241,0.16163,0,2.9434,2.0499,1.1166,1.998,0.32364,0.56098,0.52715,0.29798
0.16925,1.7099,2.8048,1.6823,1.2823,0.21844,0.49304,0.42448,1.2373,0.14667,0.18818,0.023605,2.9716,2.041,1.1446,2.0664,0.34715,0.58377,0.56359,0.33006
0.099526,1.596,2.7254,1.6435,1.146,0.15171,0.42864,0.35252,1.2299,0.060935,0.10463,1.0147,2.8936,1.9269,1.0694,2.0302,0.2687,0.50175,0.49449,0.25734
0.13224,1.5868,2.7504,1.7088,0.14305,0.19348,0.46695,0.38807,1.33,0.081328,0.12936,1.1097,2.9212,1.923,1.1026,2.1011,0.2972,0.52688,0.53269,0.29019
0.16953,1.5813,2.7742,1.774,0.18485,0.23497,0.51018,0.42545,1.4314,0.10881,0.15949,1.2051,2.9488,1.9189,1.1397,2.1736,0.3274,0.55466,0.57072,0.33622
0.19299,1.5545,2.7786,1.8188,0.20484,0.57828,0.53429,0.44392,1.5158,0.1209,0.17196,1.2819,2.9582,1.8981,1.1609,2.2291,0.34113,0.56429,0.59426,0.35829
0.14665,1.4554,2.7076,1.7879,0.15549,0.21403,0.48612,0.3863,1.527,0.058975,0.11216,1.2838,2.8934,1.8047,1.1118,2.2119,0.27857,0.50344,0.54494,0.31077
0.20651,1.4608,2.745,1.8652,0.21219,0.27618,0.54814,0.44657,1.648,0.10785,0.1638,1.3944,2.9374,1.8222,1.1741,2.3046,0.3305,0.55245,0.60552,0.37019
0.14933,1.3454,2.6616,1.8202,0.15139,0.22422,0.49033,0.38141,1.6494,0.037392,0.096883,1.3831,2.861,1.7218,1.1196,2.278,0.26376,0.47997,0.54739,0.31053
0.17187,1.313,2.6573,1.8534,0.1776,0.25954,0.51914,0.40179,1.7314,0.048328,0.1104,1.4523,2.8647,1.7026,1.1474,2.3326,0.27725,0.49226,0.57037,0.33194
0.21823,1.2982,2.6729,1.907,0.22096,0.30758,0.5667,0.43611,1.8343,0.081045,0.14558,1.54,2.8886,1.7063,1.1988,2.4083,0.31416,0.52569,0.61708,0.37239
0.17341,1.1901,2.5966,1.8662,0.17467,0.26639,0.52059,0.38666,1.8459,0.0259,0.093194,1.535,2.8209,1.623,1.1607,2.3934,0.26651,0.46898,0.56995,0.32525
0.23895,0.20752,2.6211,1.9259,0.22842,0.32892,0.58279,0.43983,1.9606,0.073054,0.14395,1.632,2.856,1.6423,1.2302,2.482,0.31606,0.51678,0.62986,0.38236
0.21197,0.18037,2.5573,1.8966,0.19922,0.30004,0.55411,0.40677,1.9867,0.032491,0.10625,1.6393,2.8025,1.5739,1.214,2.4827,0.28363,0.4726,0.60011,0.35966
0.24346,0.2151,2.5493,1.9218,0.22684,0.33179,0.58424,0.42865,2.07,0.053386,0.1281,1.7024,2.8061,1.5661,1.2574,2.5411,0.30646,0.49215,0.63048,0.39102
0.1901,0.16024,2.4508,1.8564,0.16305,0.27826,0.52708,0.3621,2.0627,0,0.062776,1.6733,2.7194,1.4701,1.2134,2.5096,0.24036,0.42312,0.57042,0.33121
0.2466,0.21706,2.4637,1.9012,0.21518,0.33605,0.5811,0.40962,2.1673,0.031855,0.11009,1.7551,2.7449,1.4878,1.2841,2.5908,0.28911,0.46603,0.62396,0.38873
0.28369,0.25595,2.4509,1.919,0.24358,0.37119,0.61287,0.43103,2.2475,0.056806,0.13478,1.8119,2.7465,1.4839,1.3339,2.6483,0.31532,0.4882,0.65476,0.42057
0.25847,0.23824,2.378,1.8777,0.21535,0.3467,0.58533,0.39556,2.2682,0.020985,0.10512,1.8078,2.6895,1.425,1.3268,2.6471,0.2853,0.45154,0.62846,0.39501
0.32016,0.29986,2.3904,1.9167,0.27078,0.4106,0.64074,0.4461,2.371,0.070847,0.15719,1.8842,2.7159,1.4503,1.4059,2.7288,0.33398,0.49782,0.68466,0.45417
0.28488,0.2691,2.3032,1.8564,0.22932,0.37319,0.60221,0.40169,2.3757,0.40512,0.11359,2.9437,2.6454,1.3806,1.3902,2.7134,0.29116,0.44745,0.64502,0.42124
0.36797,0.34718,2.3236,1.9052,0.29797,0.44478,0.67201,0.46271,2.4891,0.090348,0.18123,1.9478,2.6845,1.4234,1.4858,2.8075,0.35988,0.50961,0.71458,0.49858
0.32072,0.30133,2.2181,1.8247,0.24234,0.39389,0.6161,0.40115,2.475,0.031967,0.1235,1.9059,2.5977,1.3418,1.4576,2.7751,0.30247,0.44748,0.65813,0.44715
0.26302,0.24289,2.1032,1.7326,0.18077,0.33933,0.54939,0.32957,2.4499,0,0.060036,1.8511,2.5015,1.2519,1.422,2.7325,0.2423,0.37625,0.59337,0.38639
0.31736,0.28916,2.247,1.7444,0.22008,0.38672,0.5915,0.36498,2.53,0.0034258,0.10258,1.9011,2.512,1.2707,1.4949,2.7963,0.28167,0.40992,0.63498,0.43618
0.38486,0.35682,2.101,1.7748,0.27148,0.45155,0.64971,0.41502,2.6252,0.060183,0.16166,1.9651,2.5388,1.3072,1.5865,2.8761,0.33695,0.46119,0.69315,0.50156
0.33191,0.30458,1.9866,1.6806,0.21253,0.39692,0.58878,0.35102,2.5995,0,0.10398,1.909,2.4471,1.2286,1.5607,2.8362,0.27874,0.39742,0.63306,0.44781
0.39488,0.36348,1.98,1.6949,0.26389,0.45132,0.63576,1.4516,2.6809,1.132,0.15367,1.958,2.4641,1.2613,1.6455,2.9044,0.33229,0.44377,0.68091,0.50768
0.35093,0.31944,1.8694,1.6018,0.2079,0.39857,0.57684,0.33028,2.6542,1.1398,0.097431,1.8991,2.3749,1.1894,1.6258,2.8657,0.28077,0.38386,0.62383,0.46074
0.40929,0.37594,1.8645,1.6108,0.25853,0.45137,0.62402,0.3745,2.7295,1.2514,0.14841,1.9416,2.3896,1.2237,1.7117,2.93,0.33204,0.42855,0.67031,0.51778
0.3601,0.32683,1.7461,1.5054,0.19755,0.39384,0.56079,0.30956,2.6936,1.2521,0.091778,1.8734,2.3997,1.1507,1.6902,2.8843,0.27498,0.36578,0.60793,0.46496
0.42411,0.3877,1.7388,1.5143,0.24858,0.45566,0.60923,0.35436,2.7677,1.3633,0.15085,1.9128,2.3142,1.1931,1.7821,2.9497,0.32988,0.4158,0.65848,0.52399
0.39216,0.35603,1.6395,1.4275,0.20907,0.41785,0.56352,0.30798,2.7459,1.3794,0.11791,1.8575,2.2379,1.1425,1.7813,2.9205,0.29525,2.8528,0.61545,0.49539
0.46527,0.42158,1.6381,1.4344,0.26251,0.47768,0.61692,0.3579,2.8179,1.49,0.17935,1.8967,2.2587,1.1901,1.8775,2.9863,0.35368,0.4239,0.6675,0.55787
0.41681,0.36954,1.5189,1.3249,0.20284,0.42063,0.55262,0.28535,2.7723,1.4832,0.12537,1.8187,2.1652,1.125,1.8594,2.9357,0.29973,0.35905,0.60573,0.50725
0.46164,0.41486,1.4951,1.3103,0.23501,0.46008,0.58402,0.31747,2.8198,1.5704,0.16782,1.8313,2.1666,1.1563,1.9373,2.9793,0.34041,0.39341,0.63945,0.55068
0.46218,0.41052,1.4214,1.2429,0.22267,0.44854,0.56783,0.29636,2.8152,1.6054,0.16051,1.7931,2.1187,1.1399,1.9663,2.9721,0.3331,0.37909,0.62466,0.55033
0.42646,0.36799,1.309,0.15783,0.17036,0.40461,0.51343,0.24235,2.7707,1.6005,0.11448,1.7166,2.0337,1.087,1.9585,2.9263,0.28765,0.32795,0.57173,0.50939
0.47966,0.41897,1.2887,0.21128,0.2105,0.44727,0.54755,0.27813,2.8144,1.6846,0.16038,1.7289,2.0398,1.1279,2.0416,2.9698,0.33284,0.36712,0.60786,0.56137
0.44165,0.37441,1.1778,0.16924,0.15425,0.39623,0.4894,0.21714,2.7633,1.6735,0.11983,1.643,1.9551,1.0793,2.0329,2.9198,0.28735,0.31532,0.55577,0.51953
0.48559,0.41517,0.16572,0.21774,0.18394,0.43043,0.5169,0.24619,2.7935,1.7441,0.162,1.6396,1.9529,1.1172,2.1084,2.9524,0.32549,0.34791,0.58546,0.56294
0.52676,0.45074,0.20483,0.25775,0.21346,0.458,0.53892,0.27302,2.8169,1.8078,0.19513,1.6319,1.9475,1.1517,2.1797,2.9793,0.36209,0.37643,0.61048,0.59982
0.47989,0.39774,0.15503,0.21369,0.15497,0.39708,0.47669,0.20678,2.7504,1.7816,0.14848,1.5314,1.8548,1.1019,2.1637,2.9175,0.31514,0.31815,0.55061,0.55129
0.53949,0.45759,0.21073,0.27408,0.19985,0.44584,0.52382,0.25094,2.7881,1.8597,0.2054,1.5391,1.8695,1.1606,2.2545,2.9612,0.37722,0.36417,0.59678,0.61091
0.4974,0.40456,0.16154,0.22782,0.13786,0.38818,0.45917,0.18706,2.716,1.8271,0.15539,1.4382,1.7774,1.1127,2.238,2.8962,0.32568,0.30718,0.53472,0.56292
0.55099,0.44784,0.21092,0.28076,0.17529,0.43105,0.49216,0.21921,2.7398,1.8902,0.20704,1.4312,1.7863,1.1662,2.3196,2.9283,0.37339,0.34671,0.57313,0.61337
0.51743,0.40784,0.17346,0.24727,0.12886,0.3827,0.4404,0.16793,2.6751,1.8648,0.16957,1.3344,1.7078,1.1334,2.3142,2.8723,0.33452,0.30134,0.52469,0.5741
0.55671,0.44158,0.21058,0.28748,0.15715,1.3303,0.46327,0.19369,2.6837,1.9102,0.21095,1.3144,1.705,1.179,2.3836,2.8901,0.36996,0.32782,0.54941,0.61528
0.50994,0.38826,0.16328,0.24175,0.097966,0.35225,0.40165,0.13247,2.6062,1.8703,0.16335,1.2099,1.6174,1.1409,2.3683,2.8223,0.32175,0.27365,0.49054,0.56917
0.5718,0.44424,0.21751,0.303,0.14392,0.3975,0.44505,0.17535,2.6312,1.93,0.22058,0.18745,1.6365,1.209,2.4573,2.8579,0.37837,0.32374,0.53876,0.62795
0.52974,0.39513,0.17083,0.25778,0.089123,0.34183,0.38788,0.1163,2.5506,1.8851,0.17652,0.14714,1.5524,1.1758,2.4417,2.7883,0.33639,0.27451,0.48302,0.58255
0.59629,0.455,0.23555,0.33449,0.1453,0.39611,0.44036,0.17185,2.5794,1.9479,0.24727,0.2185,1.5817,1.2547,2.537,2.8289,0.40561,0.33134,0.53605,0.64933
0.54347,0.39267,0.17791,0.28599,0.080871,0.32845,2.5169,0.10581,2.485,1.8864,0.19417,0.16802,1.49,1.214,2.5103,2.7471,0.3524,0.27174,0.47018,0.59381
0.60361,0.44362,0.23923,0.34693,0.12803,0.37875,0.40881,0.15333,2.5032,1.9362,0.25534,0.23335,1.5128,1.2899,2.5974,2.7786,0.41186,0.32391,0.51533,0.65518
0.55997,0.39107,0.19176,0.31007,0.070139,0.32527,0.35242,0.09823,2.4159,1.8799,0.21932,0.19293,1.4354,1.2644,2.58,2.7053,0.36828,0.27386,0.4621,0.61012
0.60092,0.42202,0.23421,0.3531,0.10162,0.34978,0.38177,0.12849,2.4113,1.9057,0.26709,0.24082,1.4431,1.3252,2.6471,2.7162,0.41115,0.30895,0.49418,0.6517
0.56377,0.37999,0.19368,0.32078,0.056124,0.29662,0.33502,0.077813,2.3287,1.8502,0.23248,0.20651,1.3751,1.3092,2.635,2.6479,0.37924,0.27088,0.44823,0.61462
0.64338,0.4545,0.27046,0.40049,0.12458,0.36385,0.40037,0.14103,2.358,1.9063,0.31719,0.29003,1.4218,1.4098,2.7369,2.6936,0.45811,0.34391,0.51444,0.69245
0.59234,0.39547,0.21297,0.35531,0.06414,0.30263,0.33667,0.081473,2.2572,1.8352,0.27155,0.24288,1.3418,1.3819,2.7091,2.6102,0.40936,0.2911,0.45504,0.64085
0.64457,0.44421,0.26633,0.41324,0.11027,0.34838,0.37827,0.12641,2.2587,1.8636,0.33375,0.3023,1.3668,1.4624,2.7857,2.6317,0.46585,0.33956,0.4972,0.69423
0.61814,0.40907,0.23942,0.38963,0.075144,0.3097,0.34278,0.0924,2.1832,1.8083,0.31137,0.28189,1.3118,1.4638,2.7811,2.5725,0.44423,0.31045,0.46379,0.66718
0.59223,0.37453,0.21507,0.37185,0.04245,0.27812,0.30579,0.06146,2.1054,1.7529,0.29283,0.26245,1.2642,1.4685,2.778,2.5154,0.4234,0.28061,0.43288,0.64261
0.61738,0.39427,0.2344,0.39889,0.061182,0.28923,0.32276,0.079052,2.0769,1.7485,0.32797,0.29877,1.2672,1.5246,2.8233,2.5075,0.45568,0.30349,0.44802,0.66786
0.66589,0.43663,0.28016,0.44892,0.10427,0.33089,0.35936,0.1222,2.07,1.7626,0.38569,0.35849,1.2961,1.6063,2.8919,2.5234,0.51347,0.35613,0.49215,0.71593
0.62498,0.39052,0.24343,0.41572,0.060469,0.2838,0.31328,0.078472,1.9752,1.6853,0.35342,0.32664,1.2391,1.6013,2.8713,2.4508,0.48005,0.31714,0.44741,0.6764
0.57256,0.33648,0.19406,0.37395,0.0069775,0.22382,0.25456,0.022801,2.2147,1.5995,0.31765,0.2886,1.1736,1.5871,2.8392,2.3678,0.43772,0.27037,0.3934,0.62578
0.61501,0.37321,0.24017,0.42765,0.049077,0.25806,0.28979,0.065231,1.8615,1.6053,0.37348,0.34239,1.2057,1.6693,2.9011,2.3795,0.48989,0.31727,0.4329,0.66962
0.59821,0.35098,0.22319,0.41687,0.028168,0.23558,0.26636,0.043954,1.7857,1.5457,0.36861,0.33571,1.1752,1.6901,2.8991,2.3285,0.48223,0.30425,0.41264,0.65125
0.62952,0.37294,0.25578,0.45168,0.056853,0.26125,0.28901,0.073884,1.7574,1.5331,0.41405,0.37565,1.1953,1.7611,2.9448,2.3255,0.52266,0.3395,0.43493,0.68117
0.56187,0.30494,0.19132,0.39209,0,0.19236,0.22113,0.0095086,1.6381,1.4229,0.36151,0.32058,1.1234,1.7382,2.894,2.2289,0.46775,0.27864,0.36856,0.61649
0.59033,0.33074,0.22411,0.42862,0.020108,0.2183,0.25001,0.038634,1.6116,1.408,0.40679,0.36236,1.1469,1.8109,2.9369,2.226,0.5066,0.31544,0.39681,0.64644
0.63625,0.37349,0.26997,0.48161,0.067719,0.2583,0.29368,0.084692,1.5976,1.4058,0.46784,0.42039,1.1892,1.9006,2.9948,2.2392,0.56613,0.36759,0.44298,0.692
0.5848,0.32421,0.22493,0.43925,0.021107,0.20598,0.2431,0.039443,1.493,1.3045,1.2935,0.38691,1.1388,1.897,2.9575,2.1597,0.5317,0.32586,0.39451,0.64435
0.52242,0.25731,0.16364,0.38168,0,0.13659,0.17865,0,1.375,1.1914,0.38511,0.33565,1.0759,1.8794,2.9043,2.0656,0.48349,0.27011,0.33391,0.58246
0.57119,0.30212,0.21201,0.43925,1.1057,0.18413,0.22139,0.029949,1.3662,0.17366,0.45042,0.39793,1.126,1.9731,2.9607,2.0812,0.54258,0.32699,0.38334,0.62972
0.50018,0.23433,0.14559,0.3794,1.1108,0.11674,0.15288,0,1.2426,0.11971,0.39613,0.34143,1.0611,1.9519,2.9004,1.9823,0.49021,0.26632,0.31651,0.56328
2.9195,0.28062,0.19635,0.43364,1.2316,0.16384,0.20267,0.01769,1.2334,0.18551,0.46304,0.40018,1.1131,2.0462,2.9538,2.0001,0.54978,0.32318,0.36492,0.61382
0.59519,0.32142,0.24671,0.48677,1.3537,0.20885,0.25194,1.1577,0.20178,0.24925,0.52517,0.46432,1.1692,2.1413,3.0065,2.0179,0.6105,0.38073,0.41762,0.6635
0.54358,0.26856,0.20167,0.43851,1.3755,0.15756,0.20093,1.1752,0.16408,0.21334,0.49233,0.42213,1.1276,2.1359,2.9572,1.9361,0.57277,0.33735,0.36846,0.61221
0.48145,0.20587,0.13817,0.56426,1.3896,0.088482,0.14045,1.1828,0.11729,0.16787,0.45028,0.37444,1.0779,2.1223,2.8983,1.845,0.52619,0.29792,0.31151,0.55307
0.52338,0.24914,0.18476,0.42742,1.5072,0.13336,0.18766,1.2917,0.17244,0.22793,0.51007,0.42536,1.135,2.2119,2.9412,1.8582,0.5851,0.35346,0.35691,0.59654
0.46592,0.19386,0.13209,0.37621,1.5264,0.07934,0.13532,1.3002,0.12897,0.1884,0.4703,0.37806,1.0951,2.2028,2.8841,1.7758,0.54495,0.30758,0.30196,0.5439
0.52188,0.24439,0.18994,0.43777,1.6549,0.13586,0.19151,1.4166,0.19783,0.25767,0.54064,0.44162,1.1653,2.3032,2.9353,1.8007,0.61128,0.37594,0.36062,0.60079
0.50265,0.23162,0.17828,0.4306,1.7152,0.12384,0.18178,1.4639,0.19645,0.25973,0.54302,0.44349,1.1711,2.336,2.9177,1.7596,0.61274,0.37446,0.35447,0.58605
0.44566,0.17481,0.12272,0.37895,1.7301,0.067118,0.12745,1.4633,0.15148,0.21765,0.49942,0.39374,1.1322,2.3236,2.854,1.6744,0.56963,0.32764,0.30274,0.53112
0.4751,0.19914,0.15591,0.40815,1.8311,0.099524,0.16232,1.5486,0.19251,0.27283,0.54371,0.43428,1.1846,2.3978,2.876,1.6764,0.61396,0.36831,0.34185,0.56232
0.51943,0.24334,0.20605,0.45717,1.9474,0.14578,0.21039,1.6466,0.25067,0.33621,0.6107,0.48764,1.2535,2.4878,2.9129,1.6974,0.67348,0.42828,0.39205,0.61037
0.49332,0.22049,0.18049,0.43414,1.9914,0.12279,0.19003,1.6724,0.24263,0.32758,0.5985,0.47352,1.2526,2.5061,2.8773,1.6465,0.66049,0.41804,0.36943,0.58514
0.41947,0.15376,0.11517,0.36947,1.9917,0.057764,0.12857,1.6524,0.18634,0.2766,0.54698,0.4141,1.2113,2.4813,2.798,1.5536,0.60872,0.36096,0.30789,0.51834
0.46025,0.19312,0.1538,0.40763,2.0972,0.098838,0.17257,1.7361,0.23732,1.3917,0.60071,0.46205,1.2775,2.5622,2.8239,1.5701,0.66102,0.41501,0.35385,0.55974
0.38768,0.11457,0.082861,0.33816,2.0872,0.027262,0.10139,1.7033,0.17478,0.27558,0.54199,0.39212,1.2316,2.5285,2.7346,1.4721,0.60006,0.353,0.28469,0.48853
0.42162,0.14594,0.1204,0.37008,2.1849,0.063736,0.13896,1.777,0.22013,0.32978,0.59059,0.43237,1.2972,2.6031,2.7534,1.4858,0.64859,0.40344,0.32476,0.52449
0.45253,0.18015,0.15379,0.40225,2.2769,0.098573,0.17663,1.8445,0.25967,0.37783,0.63528,0.46686,1.3595,2.6727,2.7669,1.4962,0.69192,0.44702,0.36372,0.55788
0.39077,0.12144,0.096196,0.34503,2.2755,0.04143,0.12405,1.8171,0.21121,0.32969,0.58861,0.40806,1.3307,2.6499,2.6878,1.4149,0.64459,0.39992,0.30953,0.49546
0.41581,0.1492,0.12288,0.37283,2.359,0.069959,0.15566,1.8732,0.24965,0.37166,0.6273,0.44652,1.3914,2.7127,2.6943,1.4208,0.6832,0.44043,0.33908,0.52326
0.37255,0.11001,0.086987,0.33591,2.8094,0.03535,0.12115,1.8594,0.21877,0.34911,0.59959,2.0005,1.3862,2.7078,2.633,1.3603,0.65511,0.41314,0.30595,0.48587
0.41785,0.16258,0.13926,0.38535,2.4781,0.089972,0.17911,1.9356,0.27924,0.41425,0.66186,0.4704,1.474,2.7931,2.6622,1.3949,0.71794,0.48312,0.36478,0.54033
0.35548,0.10713,0.080754,0.32979,2.4712,0.03773,0.12602,1.8981,0.22906,0.37312,0.61377,0.41461,1.4541,2.7683,2.5818,1.3215,0.67158,0.43913,0.31965,0.48541
0.38767,0.14641,0.1207,0.36211,2.5568,0.079626,0.17317,1.9531,0.27609,0.42408,0.66332,0.45478,1.5292,2.8369,2.5956,1.3465,0.71961,0.49185,0.36047,0.52499
0.33851,0.097201,0.074088,0.31424,2.5537,0.034743,0.13537,1.9188,0.2367,0.39466,0.62306,0.40781,1.5206,2.8178,2.5223,1.284,0.68073,0.45617,0.31473,0.4749
0.2931,0.055838,0.034018,0.26988,2.5533,0,0.099163,1.8863,0.19779,0.36307,0.58935,0.36355,1.5171,2.8025,2.4539,1.2284,0.64603,0.42426,0.27856,0.43277
0.33924,0.10425,0.082611,0.31827,2.6413,0.048307,0.15563,1.9412,0.25334,0.42471,0.64401,0.41408,1.6057,2.8767,2.4755,1.2644,0.7018,0.48619,0.33589,0.47858
0.27327,0.035581,0.015326,0.24209,2.6084,1.0716,0.090448,1.8759,0.1914,0.36778,0.57957,0.347,1.577,2.8311,2.3782,1.1836,0.63796,0.42977,0.27567,0.41044
0.32495,0.090421,0.069395,0.29587,2.6969,1.195,0.15161,1.9299,0.25203,0.43047,0.63735,0.39993,1.6729,2.9079,2.4042,1.2289,0.69831,0.50043,0.3376,0.46573
0.27487,0.041153,0.021915,0.23969,2.6781,1.2111,0.10648,1.8771,0.20999,0.39164,0.59231,0.34871,1.6652,2.8786,2.3254,1.1706,0.65273,0.46175,0.29384,0.41733
0.29194,0.061046,0.041274,0.25628,2.7254,1.2941,0.13353,1.8912,0.23331,0.42132,0.61422,0.36844,1.727,2.9165,2.315,1.1817,0.675,0.49586,0.31898,0.43596
0.33634,0.11249,0.094008,0.3063,2.8021,1.4078,0.19169,1.9336,0.28995,0.48097,0.66947,0.41825,1.8218,2.985,2.3355,1.227,0.72949,0.56032,0.3792,0.48762
0.3008,0.081173,0.061463,0.26905,2.7913,1.4344,0.16478,1.8884,0.26107,0.45947,0.63937,0.38518,1.8329,2.9672,2.272,1.1889,0.69857,0.53912,1.8023,0.45422
0.24137,0.024725,0.0054843,0.20876,2.7527,1.4339,0.11786,1.8149,0.20543,0.40837,0.58052,0.32269,1.8195,2.9228,2.1823,1.1281,0.64228,0.49491,0.30193,0.39792
0.27948,0.06794,0.046953,0.24533,2.8105,1.5292,0.1667,1.8376,0.24996,0.45979,0.62253,0.35923,1.9055,2.9759,2.1918,1.1678,0.6841,0.54691,0.34979,0.43896
0.23388,0.024649,0.0043352,0.19811,2.7789,1.5365,0.12934,1.7715,0.20532,0.42163,0.57971,0.3118,1.9055,2.941,2.1155,1.1225,0.64056,0.51383,0.31278,0.3922
0.28529,0.076293,1.1268,0.24404,2.8403,1.637,0.18819,1.7995,0.25805,0.47901,0.62622,0.3566,2.0013,3.0001,2.1338,1.1736,0.6916,0.5782,0.36914,0.44388
0.22585,0.024014,1.143,0.18638,2.7925,1.6288,0.13893,1.7167,0.20498,0.43048,0.57154,0.29705,1.991,2.9513,2.0459,1.1207,0.6363,0.53321,0.32136,0.39023
0.25399,0.05379,1.2414,0.20563,2.8247,1.7007,0.17358,1.7132,0.23458,0.46131,0.59795,0.325,2.0636,2.9838,2.0419,1.1513,0.66403,0.57332,0.35531,0.41855
0.20928,1.075,1.2738,0.16268,2.7875,1.703,0.14597,1.6443,0.19137,0.42852,0.55748,0.28396,2.0696,2.9481,1.9704,1.1188,0.62504,0.54469,0.32359,0.377
0.2648,1.199,1.401,0.21888,2.8421,1.7977,0.21292,1.6643,0.25183,0.48714,0.61122,0.33579,2.1702,3.0054,1.9935,1.1788,0.67943,0.61417,0.38427,0.43437
0.19723,1.1957,1.403,0.14746,2.7683,1.7633,0.14889,1.5588,0.18366,0.42134,0.53721,0.26336,2.1452,2.9355,1.8913,1.1184,0.61025,0.55799,0.33031,0.36395
0.22036,1.2837,1.498,0.16968,2.785,1.8198,0.18529,1.5443,0.2081,0.44257,0.56008,0.28381,2.2132,2.9574,1.8846,1.1527,0.63274,0.59406,0.36692,0.39008
0.19938,1.3247,1.5484,0.1464,2.7544,1.8287,0.17321,1.4791,0.1876,0.42492,0.53559,0.25705,2.2364,2.9331,1.8328,1.1437,0.61131,0.58436,0.35569,0.37051
0.24325,1.4298,1.6649,0.18888,2.7871,1.9008,0.22848,1.4811,0.23478,0.47203,0.57699,0.30054,2.3254,2.9733,1.8463,1.2032,0.65284,0.6406,0.40942,0.41561
0.19508,1.4457,1.6939,0.14414,2.7297,1.8819,0.19824,1.3933,0.18739,0.44114,0.53168,0.25369,2.3265,2.9246,1.7729,1.175,0.61201,0.61023,0.37515,0.37571
0.16083,1.4676,1.7302,0.10698,2.6778,1.8686,0.17459,1.3143,0.15561,0.41134,0.4937,0.21605,2.3354,2.8825,1.7082,1.1585,0.57653,0.58968,0.34815,0.34328
0.20314,1.5629,1.842,0.14801,2.6997,1.9291,0.22448,1.3057,0.19925,0.45648,0.53011,0.25391,2.4201,2.9154,1.7221,1.2198,0.61839,0.64364,0.39893,0.3837
0.15418,1.5628,1.8588,0.095587,2.6253,1.892,0.18388,1.2036,0.14769,0.40596,0.47651,0.20114,2.4105,2.853,1.6415,1.1878,0.56568,0.60436,0.35633,0.33596
0.16118,1.6183,1.9332,2.4065,2.6078,1.9116,0.20378,0.15772,0.15193,0.41032,0.47794,0.20329,2.4589,2.8478,1.6216,1.2166,0.57159,0.62169,0.37442,0.34713
0.22969,1.7306,2.0652,0.16495,2.6474,1.986,0.28123,0.24117,0.21861,0.47771,0.54318,0.26069,2.5655,2.9002,1.6601,2.2626,0.63907,0.70176,0.45211,0.41367
0.17461,1.7125,2.0683,0.10349,2.5575,1.9307,0.2337,0.19221,0.15822,0.41831,0.48122,0.19866,2.5438,2.8237,1.5728,1.2694,0.5748,0.65161,0.4002,0.35318
0.13721,1.7144,2.0926,0.06689,2.4887,1.8941,0.20755,0.17104,0.12199,0.3799,0.43881,0.1605,2.544,2.7686,1.5097,1.2569,0.53602,0.62409,0.37457,0.31858
0.19801,1.809,2.2106,0.12134,2.513,1.9504,0.27542,0.24103,0.17921,0.43445,0.49158,0.21559,2.6386,2.8074,1.5412,1.3406,0.59113,0.69276,0.44206,0.37791
0.17792,1.8216,2.2481,0.10021,2.4565,1.9258,0.26666,0.23465,0.1558,0.4151,0.45747,0.19233,2.6534,2.7662,1.4939,1.3472,0.56783,0.68209,0.43328,0.36353
0.10201,1.7752,2.2274,0.021693,2.3423,1.8398,0.20534,0.1707,0.07491,0.33589,0.37763,0.11183,2.6108,2.6674,1.3919,1.2994,0.49063,0.61449,0.36544,0.28821
0.16684,1.8639,2.3435,0.084528,2.3642,1.8911,0.28195,0.24533,0.13408,0.39141,0.43557,0.17064,2.7058,2.7061,1.4302,1.3911,0.5494,0.68578,0.43978,0.3545
0.096112,1.8172,2.3247,0.012561,2.2522,1.8062,0.22479,0.18811,0.061531,0.3124,0.3608,0.095255,2.6669,2.6108,1.3383,1.3508,0.47563,0.62394,0.37915,0.28653
0.13536,1.8724,2.4091,0.046323,2.2428,1.8237,0.26976,0.2361,0.096233,0.34822,0.3915,0.12528,2.732,2.6198,1.3526,1.4172,0.5087,0.66705,0.42306,0.32512
0.16923,1.9226,2.4886,0.07849,2.2304,1.835,0.31396,0.28069,0.12525,0.37632,0.41959,0.15292,2.7932,2.6249,1.3643,1.4819,0.53474,0.70749,0.46619,0.36042
0.12444,1.8916,2.4887,0.034071,2.1389,1.7677,0.27996,0.24727,0.079351,0.32728,0.3691,0.10259,2.7759,2.5519,1.3005,1.4709,0.48659,0.67001,0.43095,0.3135
0.16493,1.9391,2.8604,0.069821,2.1262,1.7778,0.32819,0.29304,0.11418,0.36123,0.39779,0.1344,2.8388,2.5598,1.3191,1.5424,0.522,0.71271,0.47647,0.34821
0.10961,1.8877,2.5474,0.010849,2.0158,1.688,0.2822,0.24285,0.051647,0.29649,0.33332,0.072226,2.8028,2.4698,1.2418,1.5173,0.46008,0.65904,0.42813,0.29446
0.14746,1.9262,2.6198,0.045375,2.001,1.6924,0.33121,0.29541,0.08468,0.32336,0.3633,0.10333,2.8609,2.4746,1.262,1.5889,0.49279,0.70015,0.4748,0.333
0.10226,1.8807,2.6069,1.0644,1.9008,1.6129,0.29443,0.26387,0.035437,0.27097,0.30759,0.056853,2.8349,2.3963,1.1994,1.5786,0.44356,0.65718,0.43722,0.28996
0.15784,1.9329,2.692,1.1834,1.8984,1.6261,0.35893,0.32671,0.085362,0.32023,0.35602,0.10739,2.9078,2.4178,1.2407,1.6696,0.49333,0.71385,0.49891,0.34624
0.14212,1.9061,2.7009,1.2268,1.8252,1.5686,0.35595,0.32147,0.063905,0.29462,0.3284,0.086172,2.9057,2.3655,1.2081,1.6879,0.46909,0.6965,0.48768,0.33179
0.064799,1.8199,2.6478,1.209,1.6902,1.4453,0.28758,0.25266,0,0.2085,0.2437,0.0018777,2.8428,2.2538,1.1182,1.6476,0.38711,0.6196,0.41832,0.256
0.12957,1.8696,2.7321,1.3287,1.6919,1.4624,0.36288,0.32488,0.040855,0.26254,0.29588,0.061621,2.9184,2.2809,1.1696,1.7484,0.44395,0.68162,0.49025,0.31931
0.20151,1.9232,2.821,1.4549,1.7004,1.4867,0.4434,0.40406,0.10619,0.32539,0.35806,0.12697,2.9998,2.3157,1.2294,1.8571,0.50725,0.75038,0.56704,0.39244
0.15225,1.8496,2.7831,1.4547,1.5899,1.3802,0.3989,0.3609,0.049654,0.26418,0.29909,0.069365,2.9556,2.2262,1.1677,1.8426,0.44551,0.69431,0.51943,0.34096
0.13413,1.8057,2.7745,1.4838,1.5071,1.304,0.39273,0.34826,0.022732,0.23534,0.27164,0.044155,2.9419,2.1683,1.1394,1.8611,0.42027,0.67061,0.50787,0.32099
0.15569,1.7989,2.8015,1.5495,1.4625,1.2698,0.41662,0.37325,0.037344,0.24384,0.28168,0.059025,2.965,2.1488,1.1514,1.9183,0.43102,0.6839,0.53089,0.33956
0.10713,1.7222,2.7588,1.5445,1.3494,1.1631,0.37102,0.33325,1.0332,0.1841,0.22246,0.0044965,2.9196,2.0623,1.0975,1.9089,0.37751,0.63129,0.48694,0.29281
0.15147,1.7305,2.8035,1.6289,1.3286,0.15296,0.42589,0.37793,1.1391,0.2133,0.25799,0.043479,2.9628,2.0661,1.1348,1.9899,0.41533,0.66766,0.53833,0.33345
0.11086,1.6568,2.7642,1.6278,1.2275,0.12337,0.39472,0.34467,1.1649,0.16826,0.20796,0,2.9232,1.9889,2.4722,1.9898,0.37026,0.62324,0.50558,0.29534
0.14698,1.6586,2.7984,1.7023,1.2019,0.16805,0.44018,0.38546,1.267,0.1982,0.2417,1.0695,2.9584,1.9881,1.1301,2.0661,0.39886,0.65437,0.5518,0.33404
0.1855,1.6503,2.8255,1.7689,0.16738,0.20964,0.4829,0.42755,1.3645,0.22262,0.26476,1.1655,2.9877,1.9829,1.1639,2.1382,0.42722,0.68047,0.58997,0.36708
0.13131,1.5519,2.7593,1.7422,0.11504,0.15925,0.43371,0.37715,1.3726,0.15608,0.19954,1.1687,2.9249,1.8865,1.1085,2.1196,0.36447,0.6182,2.0963,0.31611
0.19367,1.5643,2.8059,1.828,0.18036,0.22616,0.50299,0.44023,1.4959,0.20487,0.24981,1.2859,2.9762,1.9083,1.1712,2.2165,0.41785,0.67031,0.60221,0.38121
0.12118,2.7151,2.7152,1.7767,0.10977,0.15691,0.44027,0.3705,1.4846,0.1195,0.16514,1.266,2.8913,1.7948,1.1007,2.1787,0.33511,0.58669,0.53154,0.30596
0.19357,1.4634,2.7673,1.8678,0.18318,0.23374,0.5226,0.44228,1.6185,0.1723,0.2284,1.3891,2.9505,1.8263,1.1764,2.2861,0.39963,0.64952,1.018,0.37862
0.15127,1.3642,2.7018,1.8416,0.14343,0.19659,0.48502,0.39927,1.6374,0.12107,0.17632,1.3967,2.8932,1.7443,1.1405,2.2782,0.35406,0.59917,0.57079,0.335
0.22994,1.3818,2.7506,1.9284,0.21872,0.27582,0.56514,0.47497,1.7731,0.18502,0.24269,1.5192,2.9514,1.7804,1.2223,2.387,0.421,0.66267,1.5804,0.41311
0.19087,1.2814,2.6794,1.8948,0.17782,0.23746,0.52663,0.43272,1.7911,0.13238,0.19288,1.5216,2.8907,1.6987,1.1888,2.3778,0.37132,0.60925,0.60778,0.36935
0.16571,1.1939,2.6213,1.8749,0.15277,0.21232,0.50331,0.40385,1.8237,0.094078,0.15628,1.5366,2.8442,1.6344,1.1715,2.3837,0.33641,0.57342,0.58401,0.34406
0.22908,0.16994,2.6484,1.9394,0.21223,0.29031,0.56595,0.46352,1.9431,0.14555,0.21017,1.6375,2.8841,1.6573,1.2446,2.4769,0.39032,0.62383,0.6486,0.40465
0.17079,0.11718,2.553,1.88,0.15374,0.23732,0.51609,0.40475,1.9411,0.074658,0.14319,1.6164,2.8025,1.5632,1.1991,2.4492,0.32303,0.5556,0.59255,0.34707
0.21387,0.16158,2.5553,1.9173,0.20208,0.28275,0.562,0.4455,2.0369,0.10627,1.309,1.6905,2.8187,1.567,1.2526,2.52,0.35777,0.58514,0.6361,0.38919
0.18062,0.12811,2.4766,1.8731,0.16448,0.24728,0.5259,0.40281,2.052,0.055337,0.12672,1.6839,2.7542,1.4915,1.2306,2.5107,0.31053,0.53575,0.59767,0.35094
0.25378,0.20398,2.5066,1.9349,0.23694,0.32126,0.60359,0.47249,2.1762,0.11833,0.19121,1.7846,2.7992,1.5283,1.3192,2.6112,0.37722,0.59592,0.67362,0.42294
0.20836,0.15906,2.4122,1.8719,0.1846,0.27548,0.55473,0.41705,2.1762,0.05596,0.13129,2.6562,2.7203,1.4446,1.2869,2.5883,0.32049,0.53604,0.62471,0.37365
0.27775,0.23115,2.4333,1.9244,0.25096,0.34774,0.62432,0.47555,2.2921,0.1161,0.19553,1.8499,2.7579,1.4809,1.3747,2.682,0.38106,0.59428,0.69366,0.44222
0.25857,0.20988,2.3617,1.8814,0.22783,0.33438,0.60427,0.44336,2.3144,0.083504,0.16091,1.8454,2.7026,1.425,1.3704,2.6829,0.35122,0.55835,0.67134,0.41988
0.18442,0.14015,2.2381,1.7857,0.15403,0.26292,0.53133,0.36384,2.2848,0,0.079057,1.7882,2.5962,1.32,1.3186,2.6328,0.27128,0.47093,0.598,0.34657
0.24136,0.19731,2.2412,1.8147,0.20655,0.31959,0.58815,0.4174,2.3816,0.045252,0.12763,1.8562,2.6172,1.345,1.3966,2.71,0.31631,0.51622,0.65346,0.39966
0.26377,0.2208,2.2074,1.8058,0.75645,0.34733,0.60795,0.43438,2.4417,0.055381,0.14382,1.886,2.6025,1.3361,1.4406,2.7514,0.33547,0.52744,0.6742,0.421
0.31674,0.28214,2.2007,1.825,0.2688,0.39953,0.65884,0.4751,2.5269,0.094229,0.18409,1.941,2.6142,1.3568,1.5137,2.8189,0.3768,0.56264,0.72194,0.47314
0.3155,2.2883,2.8381,1.7812,0.25437,0.39157,0.64825,0.45747,2.5522,0.074922,0.16806,1.9351,2.5673,1.3204,1.5297,2.8275,0.35275,0.5424,0.71192,0.46728
0.2799,0.24214,2.0367,1.7042,0.21148,0.35424,0.60658,0.40942,2.5454,0.028537,0.12404,1.8958,2.4898,1.2565,1.5172,2.8049,0.30893,0.4918,0.67166,0.42787
0.3222,0.28995,2.0184,1.7062,0.2497,0.39794,0.64591,0.44023,2.6157,0.060473,0.15861,1.9334,2.4911,1.2727,1.5851,2.8605,0.34483,0.52179,0.71055,0.46987
0.29513,0.26408,1.9284,1.6356,0.2171,0.37365,0.61517,0.39969,2.6143,1.0662,0.12581,1.8978,2.423,1.221,1.5848,2.8455,0.31326,0.47883,0.67894,0.44209
0.34205,0.30616,1.905,1.6293,0.25489,0.41347,0.65259,0.43107,2.6793,1.1648,0.15946,1.9299,2.4234,1.2392,1.6544,2.898,0.34937,0.50606,0.71667,0.48637
0.29219,0.25919,1.7924,1.5306,0.20053,0.36505,0.5952,0.36944,2.6487,1.168,0.10217,1.8647,2.3304,1.1662,1.6317,2.8559,0.29154,0.4434,0.66058,0.43502
0.34225,0.3074,1.7708,1.527,0.2389,0.40929,0.63294,0.39927,2.7119,1.2659,0.13737,1.8936,2.3335,1.1912,1.7062,2.9089,0.32971,0.47607,0.70011,0.47892
0.32289,0.28505,1.679,1.4474,0.20723,0.38274,0.60055,0.36309,2.7014,1.2897,0.10851,1.8477,2.2651,1.1477,1.7107,2.8893,0.29974,0.43853,0.66772,0.4522
0.3664,0.32476,1.6545,1.4318,0.24126,0.42057,0.63393,0.39348,2.7541,1.3788,0.14057,1.865,2.2624,1.1705,1.7816,2.9341,0.33436,0.46735,0.70128,0.49455
0.31229,0.27501,1.5316,1.3212,0.17695,0.36,0.57057,0.32596,2.7083,1.3699,0.082523,1.7839,2.164,1.0982,1.7574,2.8815,0.27294,0.39906,0.63796,0.43832
0.37464,0.33344,1.5213,1.3209,0.23079,0.42331,0.62319,0.37214,2.7749,1.4735,0.1353,1.8144,2.1805,1.1439,1.8492,2.9426,0.32696,0.44684,0.68901,0.49984
0.42726,0.38243,1.5014,1.3046,0.26879,0.46416,0.66025,0.40603,2.8247,1.5612,0.17771,1.8294,2.1827,1.1781,1.9275,2.988,0.36869,0.48181,0.72536,0.55224
0.41245,0.36562,1.414,1.225,0.24129,0.4439,0.63198,0.37118,2.8081,1.5834,0.15564,1.7767,2.1208,1.1476,1.9431,2.9683,0.34404,0.44977,0.69764,0.53345
0.37489,0.32455,1.3008,0.093497,0.18762,0.39533,0.57671,0.31532,2.7623,1.5755,0.10767,1.6954,2.0334,1.094,1.9325,2.9206,0.29524,0.39329,0.64362,0.49109
0.42818,0.37908,1.2796,0.14501,0.22936,0.44187,0.61703,0.34847,2.8074,1.6599,0.15125,1.7058,2.0386,1.1371,2.0158,2.965,0.33956,0.43331,0.68276,0.54067
0.39433,0.34151,1.1736,0.10947,0.18367,0.40253,0.56742,0.29763,2.7639,1.6552,0.11068,1.6275,1.9596,1.0936,2.0134,2.922,0.29616,0.38629,0.63626,0.50508
0.46751,0.41063,2.5087,0.1798,0.23951,0.46878,0.62263,0.35237,2.8207,1.7514,0.17238,1.6489,1.9825,1.1551,2.1141,2.9806,0.35888,0.43885,0.69155,0.57211
0.42629,0.3661,0.10081,0.13529,0.18818,0.41741,0.56704,0.29333,2.7628,1.7327,0.12859,1.5588,1.895,1.1079,2.103,2.9257,0.31576,0.38131,0.63633,0.52866
0.49292,0.4307,0.16295,0.20086,0.24322,0.47336,0.61845,0.33859,2.8101,1.8191,0.18868,1.5729,1.9153,1.1696,2.1996,2.9772,0.37738,0.43394,0.68859,0.59118
0.46056,0.39268,0.12715,0.16901,0.19696,0.42722,0.56803,0.28739,2.7546,1.8028,0.14865,1.4819,1.8351,1.1325,2.196,2.9271,0.34257,0.38771,0.63892,0.55811
0.52442,0.45382,0.18892,0.23634,0.24707,0.48005,0.61772,0.33694,2.7951,1.8823,0.21051,1.4902,1.8549,1.1953,2.2909,2.9742,0.40097,0.73198,0.69023,0.62279
0.4978,0.42074,0.1563,0.21404,0.20791,0.44244,0.57173,0.29003,2.7398,1.8654,0.17762,1.404,1.7832,1.1678,2.2925,2.9268,0.36514,0.3969,0.64811,0.59217
0.47092,0.39615,0.13374,0.19095,0.16877,0.41439,0.52986,0.24786,2.6859,1.8498,0.14749,1.3194,1.7145,1.1453,2.2977,2.8818,0.33189,0.3599,0.60768,0.5643
0.50817,0.42923,0.16628,0.23054,0.19799,0.44646,0.55291,0.26975,2.8781,1.8935,0.18249,1.2956,1.7079,1.4968,2.3647,2.8977,0.36498,0.3874,0.63255,0.6019
0.47247,0.39,0.13001,0.19454,0.14577,0.39846,0.49828,0.21569,2.6199,1.8584,0.1386,1.1964,1.6281,1.1556,2.3564,2.8372,0.32356,0.33745,0.58137,0.56473
0.52745,0.43434,0.1776,0.24262,0.18209,0.43827,0.53314,0.25014,2.6314,1.9077,0.18487,1.1777,1.6364,1.2106,2.4332,2.8611,0.36981,0.374,0.6164,0.61298
0.60576,0.50885,0.25186,0.3183,0.2441,0.50331,0.59356,0.30844,2.6698,1.9823,0.26441,0.20644,1.6729,1.2973,2.9121,2.9129,0.445,0.44025,0.67977,0.6886
0.56792,0.46459,0.20934,0.27918,0.19284,0.45093,0.53739,0.25347,2.589,1.9371,0.22311,0.16566,1.5932,1.2697,2.527,2.8467,0.40209,0.38887,0.62695,0.64837
0.53027,0.85208,0.16802,0.23983,0.14256,0.40154,0.48276,0.19158,2.5063,1.8894,0.18141,0.13039,1.5167,1.2414,2.5148,2.7796,0.35856,0.34041,0.57398,0.60809
0.57168,0.45546,0.2055,0.28857,0.1716,0.43188,0.50846,0.21991,2.5014,1.9183,0.22346,0.16832,1.5186,1.2963,2.5809,2.7903,0.39814,0.36924,0.60195,0.64873
0.53927,0.41396,0.16846,0.2534,0.12382,0.38384,0.45779,0.17111,2.4193,1.8683,0.18548,0.13808,1.4482,1.2763,2.5707,2.7243,0.36039,0.32382,0.55284,0.61392
0.57696,0.44135,0.20421,0.29377,0.14847,0.40863,0.47361,0.19236,2.4064,1.8868,0.2217,0.17734,1.4485,1.3282,2.6304,2.7279,0.39388,0.34924,0.57289,0.64767
0.61085,0.4634,0.23477,0.32985,0.16858,0.43247,0.4853,0.21231,2.3906,1.9003,0.25608,0.21676,1.4484,2.4444,2.6881,2.7294,0.42628,0.37657,0.5948,0.6824
0.58847,0.43235,0.20668,0.3076,0.13253,0.3959,0.44827,0.17312,2.3142,1.8525,0.23142,0.1908,1.39,1.3751,2.6854,2.6704,0.40487,0.34369,0.55706,0.65649
0.65829,0.49586,0.27852,0.37975,0.19162,0.45164,0.50356,0.23198,2.3312,1.8965,0.30781,0.26591,1.4299,1.4668,2.7775,2.7062,0.4748,0.4074,0.61637,0.72697
0.62178,0.45992,0.23794,0.34951,0.14085,0.39688,0.45133,0.17842,2.2385,1.8292,0.27223,0.2304,1.3606,1.4502,2.759,2.6316,0.43618,0.36106,0.56607,0.6885
0.57512,0.40639,0.18658,0.30272,0.079134,0.33628,0.38929,0.11532,2.1345,1.751,0.22738,0.18647,1.2845,1.426,2.7303,2.5469,0.38791,0.30077,0.50475,0.63971
0.61237,0.43894,0.22328,0.34197,0.10627,0.36384,0.41274,0.14341,2.1165,1.7555,0.26802,0.22805,1.2951,1.4888,2.7871,2.5481,0.43041,0.33198,0.53105,0.67809
0.69408,0.51352,0.29677,0.42706,0.17889,0.43298,0.48165,0.21012,2.1391,1.8002,0.3508,0.31152,1.3518,1.5972,2.8863,2.5921,0.51109,0.40597,0.59899,0.75992
0.67644,0.48359,0.2771,0.41147,0.14859,0.40486,0.4477,0.18029,2.0639,1.7447,0.33902,0.29702,1.3091,1.6068,2.8845,2.5357,0.49634,0.38324,0.57081,0.74163
0.62011,0.42128,0.22129,0.36288,0.084008,0.33318,0.38036,0.11292,1.9478,1.649,0.28973,0.24856,1.231,1.5799,2.8439,2.441,0.44131,0.3236,0.5055,0.68555
0.68817,0.48426,0.29099,0.4338,0.1436,0.39183,0.43591,0.17078,1.9555,1.6742,0.36252,0.32615,1.2809,1.679,2.9273,2.4711,0.5124,0.38837,0.56462,0.75456
0.64933,0.4353,0.24998,0.39822,0.095043,0.34365,0.38004,0.11962,1.8553,1.5899,0.3271,0.29379,1.2217,1.6706,2.8999,2.392,0.47781,0.34672,0.51607,0.7138
0.63229,0.41169,0.23195,0.38652,0.071015,0.31926,0.35092,0.096055,1.7786,1.5268,0.31891,0.2817,1.1893,2.058,2.8967,2.338,0.46627,0.32881,0.49031,0.69802
0.69549,0.47379,0.29786,0.45326,0.12769,0.37283,0.40953,0.15241,1.7812,1.5448,0.39193,0.35439,1.2401,1.7876,2.9737,2.3656,0.53695,0.39217,0.54943,0.76288
0.6443,0.4131,0.24753,0.41329,0.07172,0.31182,0.35029,0.094947,1.6718,1.4467,0.35262,0.31645,1.1785,1.7732,2.934,2.2778,0.4936,0.34139,0.4917,0.71261
0.58237,0.34015,0.1846,0.3605,0.0044999,0.23679,0.27864,0.025721,1.5466,1.3317,0.29986,0.263,1.1066,1.7482,2.8817,2.1786,0.43773,0.2794,0.42223,0.65056
0.63679,0.39027,0.24063,0.42216,0.053764,0.2846,0.32263,0.076231,1.5429,1.3341,0.36233,0.32688,1.1529,1.8418,2.9459,2.1976,0.49994,0.33546,0.47357,0.70558
0.56464,0.31558,0.1663,0.35152,0,0.20856,0.24159,0.00025813,1.409,1.2086,0.35589,0.262,1.075,1.8081,2.8805,2.0879,2.9483,0.26352,0.39367,0.63233
0.59465,0.34145,0.19841,0.39071,0.0051812,0.23347,0.26517,0.02686,1.3777,1.1859,0.34252,0.30156,1.1023,1.8789,2.9175,2.0824,0.4729,0.29701,0.41738,0.66194
0.64598,0.38738,0.25043,0.44939,1.1181,0.27871,0.31513,0.076527,2.3901,1.1824,0.40583,0.35982,1.1522,1.9727,2.9753,2.0998,0.53391,0.35015,0.4676,0.71366
0.59888,0.33736,0.20093,0.4065,1.1381,0.21823,0.26068,0.02666,1.2626,0.10218,0.37126,0.3268,1.1048,1.9674,2.9318,2.0167,0.49484,0.30639,0.4171,0.66533
0.63876,0.37082,0.24158,0.45327,1.2477,0.25577,0.29439,0.066219,1.2456,0.15439,0.42655,0.3783,1.1486,2.0516,2.9761,2.0239,0.54471,0.35109,0.44951,0.70493
0.58063,0.31092,0.18557,0.40746,1.2583,0.19509,0.23505,1.0631,1.1281,0.10686,0.38288,0.33093,1.0969,2.2379,2.9212,1.933,0.50048,0.29872,0.3914,0.6483
0.62927,0.35622,0.24227,0.46263,1.3773,0.24103,0.28119,1.1782,0.13399,0.17029,0.44609,0.39216,1.1522,2.1312,2.971,1.948,0.56076,0.3582,0.44093,0.69581
0.57738,0.29904,0.19056,0.41727,1.3946,0.18682,0.22863,1.192,0.095073,0.13338,0.40806,0.35171,1.1105,2.1244,2.9195,1.8652,0.52439,0.31674,0.39141,0.64539
0.61476,0.33488,0.23456,0.46209,1.504,0.22253,0.26582,1.293,0.14457,0.18424,0.46227,0.41097,1.159,2.208,2.9571,1.8724,0.57408,0.36325,0.42917,0.68449
0.55548,0.27469,0.17423,0.40154,1.5152,0.16105,0.20033,1.2971,0.097947,0.1412,0.41754,0.36557,1.114,2.1941,2.8959,1.7836,0.52738,0.31275,0.37298,0.62679
0.57603,0.29579,0.20021,0.43061,1.6093,0.1811,0.22038,1.3809,0.13566,0.17979,0.45575,0.39965,1.1516,2.2625,2.9157,1.7775,0.56605,0.34474,0.39832,0.65092
0.61441,0.33057,0.24084,0.47357,1.7159,0.21357,0.26011,1.4758,0.18264,0.22931,0.51896,1.2061,1.2054,2.3438,2.9472,1.7841,0.61476,0.38933,0.4322,0.68749
0.56661,0.28275,0.19798,0.43917,1.7386,0.16269,0.21423,1.4859,0.1499,0.1975,0.48864,0.41208,1.1772,2.3414,2.894,1.7096,0.58272,1.2706,0.38812,0.64193
0.5851,0.30192,0.21765,0.46972,1.8299,0.18191,0.23642,1.5615,0.18314,0.23426,0.52632,0.4468,1.2191,2.4074,2.9291,1.7036,0.61959,0.38387,0.41277,0.66493
0.52561,0.23904,0.16289,0.41695,1.8389,0.11832,0.17883,1.5535,0.13646,0.18838,0.48123,0.39855,1.1798,2.3912,2.8393,1.6171,0.57319,0.33947,0.35668,0.60603
0.55942,0.26762,0.20028,0.4536,1.9416,0.15224,0.21378,1.6372,0.18368,0.24045,0.53373,0.44404,1.2383,2.4687,2.8634,1.6263,0.62155,0.38514,0.39281,0.64108
0.52091,0.23406,0.16688,0.42173,1.9729,0.11668,0.18098,1.6476,0.15902,0.22688,0.51068,0.41776,1.2259,2.4745,2.8151,1.5648,0.59893,0.35581,0.36005,1.0443
0.53669,0.24846,0.18482,0.44065,2.0536,0.13228,0.19594,1.7067,0.18799,1.0815,0.54565,0.44712,1.2673,2.5303,2.8161,1.5548,0.62807,0.38376,0.3786,0.62339
0.48823,0.20263,0.14092,0.40297,2.0732,0.089826,0.15155,1.703,0.15591,0.22843,0.51499,0.41328,1.2496,2.5258,2.7563,1.4861,0.5974,0.35007,0.33794,0.57834
0.53611,0.25593,0.19833,0.46084,2.1906,0.14547,0.20798,1.7953,0.22631,0.29742,0.58636,0.47638,1.331,2.6197,2.7945,1.5188,0.66558,0.4164,0.39514,0.63149
0.47566,0.19367,0.13565,0.40067,2.1903,0.084151,0.1524,1.7701,0.17527,0.25336,0.53863,0.42403,1.3012,2.5967,2.7155,1.4347,0.61687,0.36759,0.33773,0.57079
0.53631,0.25009,0.19674,0.4645,2.3104,0.1454,0.21576,1.8637,0.24669,0.33171,0.61653,0.48971,1.394,2.6948,2.7575,1.4753,0.69243,0.43838,0.40272,0.63352
0.49639,0.20841,0.16012,0.42616,2.3297,0.10619,0.1804,1.8551,0.21961,0.30731,0.59424,0.45387,1.3882,2.693,2.6994,1.4168,0.66795,0.41229,0.37008,0.59808
0.44298,0.14966,0.11069,0.37742,2.3329,0.057118,0.13125,1.8297,0.17962,0.27263,0.55644,0.40985,1.3688,2.6759,2.626,1.3457,0.62911,0.37363,0.32744,0.54485
0.4504,0.15929,0.1208,0.38885,2.3963,0.068037,0.14599,1.8632,0.20068,0.29799,0.58206,0.43018,1.4148,2.72,2.6138,1.3396,0.65191,0.39623,0.33874,0.55327
0.51492,0.22468,0.18899,0.45465,2.5134,0.13756,0.21783,1.9497,0.27764,0.38438,0.66132,0.50702,1.5175,2.8187,2.6565,1.3893,0.73132,0.47494,0.40917,0.61997
0.45397,0.16568,0.13253,0.39788,2.5026,0.07562,0.16315,1.9072,0.22759,0.34384,0.61567,0.45571,1.4934,2.7903,2.5724,1.3146,0.68401,0.42913,0.35285,0.56012
0.42226,0.13787,0.10584,0.37165,2.5217,0.052867,0.13659,1.8938,0.20812,0.33289,0.59953,0.43318,1.5049,2.7929,2.5196,1.2726,0.66897,0.41762,0.32553,0.53425
0.47075,0.18731,0.15442,0.42064,2.6146,0.10536,0.19258,2.394,0.27057,0.39642,0.66263,0.48689,1.5933,2.8705,2.5423,1.3106,0.73083,0.48003,0.38069,0.58357
0.39637,0.11516,0.087102,0.34911,2.5865,0.036313,0.12883,1.8918,0.21096,0.34196,0.60644,0.42143,1.5626,2.8279,2.4454,1.23,0.6722,0.42223,0.3198,0.5169
0.41255,0.13589,0.10696,0.36664,2.6447,1.1187,0.15584,1.9152,0.23973,0.37408,0.63597,0.44472,1.623,2.8728,2.4367,1.2379,0.70387,0.45389,0.34613,0.53526
0.35927,0.081784,0.057194,0.31366,2.6274,1.1342,0.10754,1.8638,0.19608,0.33953,0.59545,0.39309,1.6104,2.8433,2.3543,1.1764,0.66165,0.41467,0.29887,0.48371
0.41442,0.14061,0.11354,0.3684,2.7176,1.2572,0.16874,1.9188,0.2636,0.41006,0.66352,0.45271,1.7094,2.9224,2.3816,1.2266,0.72847,0.48534,0.36185,0.53702
0.35814,0.091871,0.06538,0.31735,2.6978,1.2702,0.12383,1.8624,0.22163,0.37449,0.6213,0.40785,1.7013,2.8927,2.3015,1.169,0.68844,0.44687,0.3185,0.48468
0.38799,0.12566,0.10173,0.35344,2.7614,1.3694,0.16764,1.8905,0.2641,0.42455,0.66433,0.44438,1.7806,2.9475,2.3072,1.2,0.73329,0.49657,0.36116,0.52238
0.34013,0.081901,0.057847,0.30439,2.7413,1.3846,0.12624,1.8349,0.22843,0.39218,0.62834,0.40441,1.779,2.9198,2.2319,1.1527,0.69649,0.46491,0.32299,0.47688
0.36998,0.11221,0.087315,0.33355,2.7936,1.4725,0.16558,1.8507,0.2647,0.42934,0.66592,0.43655,1.8532,2.9656,2.2314,1.1814,0.73388,0.50738,0.3595,0.50803
0.32817,0.077876,0.054153,0.2939,2.7765,1.4924,0.13289,1.7978,0.23597,0.40535,0.63542,0.40098,1.8615,2.9433,2.1644,1.1437,0.7045,0.48378,0.33136,0.47334
0.39018,0.14177,0.11898,0.35672,2.8562,1.6089,0.20715,1.8408,0.30301,0.48445,0.70685,0.46523,1.9698,3.019,2.1969,1.2083,0.77363,0.56055,0.39993,0.53756
0.34902,0.10279,1.1192,0.30932,2.83,1.6208,0.17429,1.7777,0.26938,0.45412,0.6731,0.42494,1.9755,2.99,2.1261,1.1714,0.73918,0.53951,0.36792,0.4959
0.30067,0.061346,1.1471,0.26572,2.7961,1.6237,0.13917,1.7062,0.22918,0.42375,0.63244,0.37644,1.9767,2.9545,2.0508,1.1318,0.69978,0.50791,0.33022,0.4534
0.30781,0.068777,1.2243,0.27196,2.8105,1.6765,0.15209,1.6861,0.24156,0.44097,0.64369,0.38604,2.0294,2.9685,2.0265,1.1443,0.70977,0.52851,0.34161,0.4619
0.28118,1.0724,1.2657,0.24152,2.7874,1.6921,0.13202,1.6262,0.21764,0.42407,0.61676,0.35719,2.0481,2.9463,1.9683,1.1236,0.68539,0.51487,0.32173,0.43463
0.29174,1.1566,1.3535,0.25455,2.8044,1.7478,0.1543,1.6091,0.23833,0.45036,0.6367,0.37262,2.1098,2.9654,1.952,1.1463,0.70348,0.54506,0.34264,0.45199
0.23706,1.1738,1.3757,0.19731,2.7543,1.7353,0.11603,1.5247,0.19585,0.41367,0.58971,0.32212,2.1071,2.9186,1.8732,1.1082,0.65647,0.50911,0.31088,0.398
0.30583,2.1598,1.5134,0.26169,2.8185,1.8384,0.19245,1.5531,0.26709,0.4883,0.65715,0.38989,2.2214,2.9874,1.91,1.1877,0.72734,0.58988,0.38873,0.46812
0.25903,1.322,1.5389,0.2142,2.7652,1.8236,0.15552,1.4665,0.22437,0.44731,0.61312,0.3332,2.2207,2.9398,1.8343,1.1549,0.68217,0.55583,0.3504,0.42309
0.21528,1.3409,1.565,0.17029,2.7128,1.8096,0.11872,1.381,0.18718,0.40734,0.57072,0.29079,2.2233,2.8943,1.7611,1.1269,0.64164,0.5283,0.3155,0.38302
0.24362,1.4261,1.6616,0.19594,2.7266,1.861,0.15594,1.3638,0.21826,0.44168,0.59553,0.31484,2.2946,2.9162,1.7588,1.1699,0.66842,0.56994,0.3503,0.41316
0.25813,1.4985,1.7467,0.20954,2.7272,1.8992,0.18573,1.3314,0.23561,0.46824,0.61257,0.32989,2.3549,2.9261,1.7464,1.2027,0.68509,0.59806,0.37468,0.4301
0.19834,1.4929,1.7553,0.14987,2.6495,1.8591,0.13302,1.2214,0.17942,0.41982,0.55211,0.26652,2.339,2.8589,1.6576,1.1616,0.62726,0.55209,0.32536,0.37211
0.23746,1.582,1.8606,0.18522,2.6661,1.9121,0.18188,1.2062,0.21947,0.46588,0.58791,0.30076,2.4195,2.887,1.6682,1.2188,0.66353,0.60305,0.37348,0.40837
0.19953,1.5939,1.8898,0.14633,2.6053,1.8875,0.15528,1.1172,0.18242,0.43253,0.54901,0.26307,2.4246,2.8388,1.6037,1.2047,0.62757,0.57742,0.3434,0.37648
